==126852== Memcheck, a memory error detector
==126852== Copyright (C) 2002-2024, and GNU GPL'd, by Julian Seward et al.
==126852== Using Valgrind-3.25.1 and LibVEX; rerun with -h for copyright info
==126852== Command: ./opencc -### test_.c -o tewst
==126852== Parent PID: 121485
==126852== 
==126852== 
==126852== HEAP SUMMARY:
==126852==     in use at exit: 26,147 bytes in 200 blocks
==126852==   total heap usage: 2,195 allocs, 1,995 frees, 838,974 bytes allocated
==126852== 
==126852== 20 bytes in 1 blocks are still reachable in loss record 1 of 195
==126852==    at 0x4907093: operator new(unsigned long) (vg_replace_malloc.c:487)
==126852==    by 0x400E97C: std::__new_allocator<char>::allocate(unsigned long, void const*) (new_allocator.h:162)
==126852==    by 0x400E920: allocate (allocator.h:206)
==126852==    by 0x400E920: allocate (alloc_traits.h:638)
==126852==    by 0x400E920: std::__cxx11::basic_string<char, std::char_traits<char>, std::allocator<char> >::_S_allocate(std::allocator<char>&, unsigned long) (basic_string.h:141)
==126852==    by 0x400E842: std::__cxx11::basic_string<char, std::char_traits<char>, std::allocator<char> >::_M_create(unsigned long&, unsigned long) (basic_string.tcc:164)
==126852==    by 0x400F19F: void std::__cxx11::basic_string<char, std::char_traits<char>, std::allocator<char> >::_M_construct<char const*>(char const*, char const*, std::forward_iterator_tag) (basic_string.tcc:235)
==126852==    by 0x400E348: std::__cxx11::basic_string<char, std::char_traits<char>, std::allocator<char> >::basic_string<std::allocator<char> >(char const*, std::allocator<char> const&) (basic_string.h:738)
==126852==    by 0x40166C2: create_tmpfile[abi:cxx11]() (main.cpp:391)
==126852==    by 0x4013022: main (main.cpp:823)
==126852== 
==126852== 20 bytes in 1 blocks are still reachable in loss record 2 of 195
==126852==    at 0x4907093: operator new(unsigned long) (vg_replace_malloc.c:487)
==126852==    by 0x400E97C: std::__new_allocator<char>::allocate(unsigned long, void const*) (new_allocator.h:162)
==126852==    by 0x400E920: allocate (allocator.h:206)
==126852==    by 0x400E920: allocate (alloc_traits.h:638)
==126852==    by 0x400E920: std::__cxx11::basic_string<char, std::char_traits<char>, std::allocator<char> >::_S_allocate(std::allocator<char>&, unsigned long) (basic_string.h:141)
==126852==    by 0x400E842: std::__cxx11::basic_string<char, std::char_traits<char>, std::allocator<char> >::_M_create(unsigned long&, unsigned long) (basic_string.tcc:164)
==126852==    by 0x400F19F: void std::__cxx11::basic_string<char, std::char_traits<char>, std::allocator<char> >::_M_construct<char const*>(char const*, char const*, std::forward_iterator_tag) (basic_string.tcc:235)
==126852==    by 0x400E348: std::__cxx11::basic_string<char, std::char_traits<char>, std::allocator<char> >::basic_string<std::allocator<char> >(char const*, std::allocator<char> const&) (basic_string.h:738)
==126852==    by 0x40166C2: create_tmpfile[abi:cxx11]() (main.cpp:391)
==126852==    by 0x4013030: main (main.cpp:824)
==126852== 
==126852== 20 bytes in 1 blocks are still reachable in loss record 3 of 195
==126852==    at 0x4907093: operator new(unsigned long) (vg_replace_malloc.c:487)
==126852==    by 0x400E97C: std::__new_allocator<char>::allocate(unsigned long, void const*) (new_allocator.h:162)
==126852==    by 0x400E920: allocate (allocator.h:206)
==126852==    by 0x400E920: allocate (alloc_traits.h:638)
==126852==    by 0x400E920: std::__cxx11::basic_string<char, std::char_traits<char>, std::allocator<char> >::_S_allocate(std::allocator<char>&, unsigned long) (basic_string.h:141)
==126852==    by 0x400E842: std::__cxx11::basic_string<char, std::char_traits<char>, std::allocator<char> >::_M_create(unsigned long&, unsigned long) (basic_string.tcc:164)
==126852==    by 0x400E6B0: void std::__cxx11::basic_string<char, std::char_traits<char>, std::allocator<char> >::_M_construct<true>(char const*, unsigned long) (basic_string.tcc:291)
==126852==    by 0x400E4C9: std::__cxx11::basic_string<char, std::char_traits<char>, std::allocator<char> >::basic_string(std::__cxx11::basic_string<char, std::char_traits<char>, std::allocator<char> > const&) (basic_string.h:621)
==126852==    by 0x4013095: main (main.cpp:825)
==126852== 
==126852== 20 bytes in 1 blocks are still reachable in loss record 4 of 195
==126852==    at 0x4907093: operator new(unsigned long) (vg_replace_malloc.c:487)
==126852==    by 0x400E97C: std::__new_allocator<char>::allocate(unsigned long, void const*) (new_allocator.h:162)
==126852==    by 0x400E920: allocate (allocator.h:206)
==126852==    by 0x400E920: allocate (alloc_traits.h:638)
==126852==    by 0x400E920: std::__cxx11::basic_string<char, std::char_traits<char>, std::allocator<char> >::_S_allocate(std::allocator<char>&, unsigned long) (basic_string.h:141)
==126852==    by 0x400E842: std::__cxx11::basic_string<char, std::char_traits<char>, std::allocator<char> >::_M_create(unsigned long&, unsigned long) (basic_string.tcc:164)
==126852==    by 0x400E6B0: void std::__cxx11::basic_string<char, std::char_traits<char>, std::allocator<char> >::_M_construct<true>(char const*, unsigned long) (basic_string.tcc:291)
==126852==    by 0x400E4C9: std::__cxx11::basic_string<char, std::char_traits<char>, std::allocator<char> >::basic_string(std::__cxx11::basic_string<char, std::char_traits<char>, std::allocator<char> > const&) (basic_string.h:621)
==126852==    by 0x401D0F8: _ZSt12construct_atINSt7__cxx1112basic_stringIcSt11char_traitsIcESaIcEEEJRS5_EQaant20is_unbounded_array_vIT_ErqXgsnwcvPvLi0E_S7_pispclsr3stdE7declvalIT0_EEEEEPS7_SA_DpOS9_ (stl_construct.h:110)
==126852==    by 0x401C2E6: construct<std::__cxx11::basic_string<char, std::char_traits<char>, std::allocator<char> >, std::__cxx11::basic_string<char, std::char_traits<char>, std::allocator<char> > &> (alloc_traits.h:716)
==126852==    by 0x401C2E6: std::__cxx11::basic_string<char, std::char_traits<char>, std::allocator<char> >& std::vector<std::__cxx11::basic_string<char, std::char_traits<char>, std::allocator<char> >, std::allocator<std::__cxx11::basic_string<char, std::char_traits<char>, std::allocator<char> > > >::emplace_back<std::__cxx11::basic_string<char, std::char_traits<char>, std::allocator<char> >&>(std::__cxx11::basic_string<char, std::char_traits<char>, std::allocator<char> >&) (vector.tcc:121)
==126852==    by 0x40164D3: run_cc1(int, char**, std::__cxx11::basic_string<char, std::char_traits<char>, std::allocator<char> >, std::__cxx11::basic_string<char, std::char_traits<char>, std::allocator<char> >) (main.cpp:451)
==126852==    by 0x40130B7: main (main.cpp:825)
==126852== 
==126852== 20 bytes in 1 blocks are definitely lost in loss record 5 of 195
==126852==    at 0x49068A8: malloc (vg_replace_malloc.c:446)
==126852==    by 0x4E020BF: strdup (strdup.c:42)
==126852==    by 0x40166A6: create_tmpfile[abi:cxx11]() (main.cpp:391)
==126852==    by 0x4013022: main (main.cpp:823)
==126852== 
==126852== 20 bytes in 1 blocks are definitely lost in loss record 6 of 195
==126852==    at 0x49068A8: malloc (vg_replace_malloc.c:446)
==126852==    by 0x4E020BF: strdup (strdup.c:42)
==126852==    by 0x40166A6: create_tmpfile[abi:cxx11]() (main.cpp:391)
==126852==    by 0x4013030: main (main.cpp:824)
==126852== 
==126852== 31 bytes in 1 blocks are still reachable in loss record 7 of 195
==126852==    at 0x4907093: operator new(unsigned long) (vg_replace_malloc.c:487)
==126852==    by 0x400E97C: std::__new_allocator<char>::allocate(unsigned long, void const*) (new_allocator.h:162)
==126852==    by 0x400E920: allocate (allocator.h:206)
==126852==    by 0x400E920: allocate (alloc_traits.h:638)
==126852==    by 0x400E920: std::__cxx11::basic_string<char, std::char_traits<char>, std::allocator<char> >::_S_allocate(std::allocator<char>&, unsigned long) (basic_string.h:141)
==126852==    by 0x400E842: std::__cxx11::basic_string<char, std::char_traits<char>, std::allocator<char> >::_M_create(unsigned long&, unsigned long) (basic_string.tcc:164)
==126852==    by 0x401BC5B: std::__cxx11::basic_string<char, std::char_traits<char>, std::allocator<char> >::_M_assign(std::__cxx11::basic_string<char, std::char_traits<char>, std::allocator<char> > const&) (basic_string.tcc:351)
==126852==    by 0x401BBE0: std::__cxx11::basic_string<char, std::char_traits<char>, std::allocator<char> >::assign(std::__cxx11::basic_string<char, std::char_traits<char>, std::allocator<char> > const&) (basic_string.h:1795)
==126852==    by 0x401A70C: std::__cxx11::basic_string<char, std::char_traits<char>, std::allocator<char> >::operator=(std::__cxx11::basic_string<char, std::char_traits<char>, std::allocator<char> > const&) (basic_string.h:930)
==126852==    by 0x40694FD: new_file(std::__cxx11::basic_string<char, std::char_traits<char>, std::allocator<char> >, int, std::__cxx11::basic_string<char, std::char_traits<char>, std::allocator<char> > const&) (tokenize.cpp:663)
==126852==    by 0x404B2C3: define_macro(std::__cxx11::basic_string<char, std::char_traits<char>, std::allocator<char> > const&, std::__cxx11::basic_string<char, std::char_traits<char>, std::allocator<char> > const&) (preprocess.cpp:1008)
==126852==    by 0x404D690: init_macros() (preprocess.cpp:1124)
==126852==    by 0x40121AF: main (main.cpp:745)
==126852== 
==126852== 31 bytes in 1 blocks are indirectly lost in loss record 8 of 195
==126852==    at 0x4907093: operator new(unsigned long) (vg_replace_malloc.c:487)
==126852==    by 0x400E97C: std::__new_allocator<char>::allocate(unsigned long, void const*) (new_allocator.h:162)
==126852==    by 0x400E920: allocate (allocator.h:206)
==126852==    by 0x400E920: allocate (alloc_traits.h:638)
==126852==    by 0x400E920: std::__cxx11::basic_string<char, std::char_traits<char>, std::allocator<char> >::_S_allocate(std::allocator<char>&, unsigned long) (basic_string.h:141)
==126852==    by 0x400E842: std::__cxx11::basic_string<char, std::char_traits<char>, std::allocator<char> >::_M_create(unsigned long&, unsigned long) (basic_string.tcc:164)
==126852==    by 0x401BC5B: std::__cxx11::basic_string<char, std::char_traits<char>, std::allocator<char> >::_M_assign(std::__cxx11::basic_string<char, std::char_traits<char>, std::allocator<char> > const&) (basic_string.tcc:351)
==126852==    by 0x401BBE0: std::__cxx11::basic_string<char, std::char_traits<char>, std::allocator<char> >::assign(std::__cxx11::basic_string<char, std::char_traits<char>, std::allocator<char> > const&) (basic_string.h:1795)
==126852==    by 0x401A70C: std::__cxx11::basic_string<char, std::char_traits<char>, std::allocator<char> >::operator=(std::__cxx11::basic_string<char, std::char_traits<char>, std::allocator<char> > const&) (basic_string.h:930)
==126852==    by 0x4045532: add_macro(std::__cxx11::basic_string<char, std::char_traits<char>, std::allocator<char> > const&, bool, Token*) (preprocess.cpp:334)
==126852==    by 0x404B309: define_macro(std::__cxx11::basic_string<char, std::char_traits<char>, std::allocator<char> > const&, std::__cxx11::basic_string<char, std::char_traits<char>, std::allocator<char> > const&) (preprocess.cpp:1009)
==126852==    by 0x404BA4F: init_macros() (preprocess.cpp:1077)
==126852==    by 0x40121AF: main (main.cpp:745)
==126852== 
==126852== 31 bytes in 1 blocks are indirectly lost in loss record 9 of 195
==126852==    at 0x4907093: operator new(unsigned long) (vg_replace_malloc.c:487)
==126852==    by 0x400E97C: std::__new_allocator<char>::allocate(unsigned long, void const*) (new_allocator.h:162)
==126852==    by 0x400E920: allocate (allocator.h:206)
==126852==    by 0x400E920: allocate (alloc_traits.h:638)
==126852==    by 0x400E920: std::__cxx11::basic_string<char, std::char_traits<char>, std::allocator<char> >::_S_allocate(std::allocator<char>&, unsigned long) (basic_string.h:141)
==126852==    by 0x400E842: std::__cxx11::basic_string<char, std::char_traits<char>, std::allocator<char> >::_M_create(unsigned long&, unsigned long) (basic_string.tcc:164)
==126852==    by 0x401BC5B: std::__cxx11::basic_string<char, std::char_traits<char>, std::allocator<char> >::_M_assign(std::__cxx11::basic_string<char, std::char_traits<char>, std::allocator<char> > const&) (basic_string.tcc:351)
==126852==    by 0x401BBE0: std::__cxx11::basic_string<char, std::char_traits<char>, std::allocator<char> >::assign(std::__cxx11::basic_string<char, std::char_traits<char>, std::allocator<char> > const&) (basic_string.h:1795)
==126852==    by 0x401A70C: std::__cxx11::basic_string<char, std::char_traits<char>, std::allocator<char> >::operator=(std::__cxx11::basic_string<char, std::char_traits<char>, std::allocator<char> > const&) (basic_string.h:930)
==126852==    by 0x4045532: add_macro(std::__cxx11::basic_string<char, std::char_traits<char>, std::allocator<char> > const&, bool, Token*) (preprocess.cpp:334)
==126852==    by 0x404B309: define_macro(std::__cxx11::basic_string<char, std::char_traits<char>, std::allocator<char> > const&, std::__cxx11::basic_string<char, std::char_traits<char>, std::allocator<char> > const&) (preprocess.cpp:1009)
==126852==    by 0x404BC4D: init_macros() (preprocess.cpp:1080)
==126852==    by 0x40121AF: main (main.cpp:745)
==126852== 
==126852== 31 bytes in 1 blocks are indirectly lost in loss record 10 of 195
==126852==    at 0x4907093: operator new(unsigned long) (vg_replace_malloc.c:487)
==126852==    by 0x400E97C: std::__new_allocator<char>::allocate(unsigned long, void const*) (new_allocator.h:162)
==126852==    by 0x400E920: allocate (allocator.h:206)
==126852==    by 0x400E920: allocate (alloc_traits.h:638)
==126852==    by 0x400E920: std::__cxx11::basic_string<char, std::char_traits<char>, std::allocator<char> >::_S_allocate(std::allocator<char>&, unsigned long) (basic_string.h:141)
==126852==    by 0x400E842: std::__cxx11::basic_string<char, std::char_traits<char>, std::allocator<char> >::_M_create(unsigned long&, unsigned long) (basic_string.tcc:164)
==126852==    by 0x401BC5B: std::__cxx11::basic_string<char, std::char_traits<char>, std::allocator<char> >::_M_assign(std::__cxx11::basic_string<char, std::char_traits<char>, std::allocator<char> > const&) (basic_string.tcc:351)
==126852==    by 0x401BBE0: std::__cxx11::basic_string<char, std::char_traits<char>, std::allocator<char> >::assign(std::__cxx11::basic_string<char, std::char_traits<char>, std::allocator<char> > const&) (basic_string.h:1795)
==126852==    by 0x401A70C: std::__cxx11::basic_string<char, std::char_traits<char>, std::allocator<char> >::operator=(std::__cxx11::basic_string<char, std::char_traits<char>, std::allocator<char> > const&) (basic_string.h:930)
==126852==    by 0x4045532: add_macro(std::__cxx11::basic_string<char, std::char_traits<char>, std::allocator<char> > const&, bool, Token*) (preprocess.cpp:334)
==126852==    by 0x404B309: define_macro(std::__cxx11::basic_string<char, std::char_traits<char>, std::allocator<char> > const&, std::__cxx11::basic_string<char, std::char_traits<char>, std::allocator<char> > const&) (preprocess.cpp:1009)
==126852==    by 0x404BCF8: init_macros() (preprocess.cpp:1081)
==126852==    by 0x40121AF: main (main.cpp:745)
==126852== 
==126852== 31 bytes in 1 blocks are indirectly lost in loss record 11 of 195
==126852==    at 0x4907093: operator new(unsigned long) (vg_replace_malloc.c:487)
==126852==    by 0x400E97C: std::__new_allocator<char>::allocate(unsigned long, void const*) (new_allocator.h:162)
==126852==    by 0x400E920: allocate (allocator.h:206)
==126852==    by 0x400E920: allocate (alloc_traits.h:638)
==126852==    by 0x400E920: std::__cxx11::basic_string<char, std::char_traits<char>, std::allocator<char> >::_S_allocate(std::allocator<char>&, unsigned long) (basic_string.h:141)
==126852==    by 0x400E842: std::__cxx11::basic_string<char, std::char_traits<char>, std::allocator<char> >::_M_create(unsigned long&, unsigned long) (basic_string.tcc:164)
==126852==    by 0x401BC5B: std::__cxx11::basic_string<char, std::char_traits<char>, std::allocator<char> >::_M_assign(std::__cxx11::basic_string<char, std::char_traits<char>, std::allocator<char> > const&) (basic_string.tcc:351)
==126852==    by 0x401BBE0: std::__cxx11::basic_string<char, std::char_traits<char>, std::allocator<char> >::assign(std::__cxx11::basic_string<char, std::char_traits<char>, std::allocator<char> > const&) (basic_string.h:1795)
==126852==    by 0x401A70C: std::__cxx11::basic_string<char, std::char_traits<char>, std::allocator<char> >::operator=(std::__cxx11::basic_string<char, std::char_traits<char>, std::allocator<char> > const&) (basic_string.h:930)
==126852==    by 0x4045532: add_macro(std::__cxx11::basic_string<char, std::char_traits<char>, std::allocator<char> > const&, bool, Token*) (preprocess.cpp:334)
==126852==    by 0x404B309: define_macro(std::__cxx11::basic_string<char, std::char_traits<char>, std::allocator<char> > const&, std::__cxx11::basic_string<char, std::char_traits<char>, std::allocator<char> > const&) (preprocess.cpp:1009)
==126852==    by 0x404BE4E: init_macros() (preprocess.cpp:1083)
==126852==    by 0x40121AF: main (main.cpp:745)
==126852== 
==126852== 31 bytes in 1 blocks are indirectly lost in loss record 12 of 195
==126852==    at 0x4907093: operator new(unsigned long) (vg_replace_malloc.c:487)
==126852==    by 0x400E97C: std::__new_allocator<char>::allocate(unsigned long, void const*) (new_allocator.h:162)
==126852==    by 0x400E920: allocate (allocator.h:206)
==126852==    by 0x400E920: allocate (alloc_traits.h:638)
==126852==    by 0x400E920: std::__cxx11::basic_string<char, std::char_traits<char>, std::allocator<char> >::_S_allocate(std::allocator<char>&, unsigned long) (basic_string.h:141)
==126852==    by 0x400E842: std::__cxx11::basic_string<char, std::char_traits<char>, std::allocator<char> >::_M_create(unsigned long&, unsigned long) (basic_string.tcc:164)
==126852==    by 0x401BC5B: std::__cxx11::basic_string<char, std::char_traits<char>, std::allocator<char> >::_M_assign(std::__cxx11::basic_string<char, std::char_traits<char>, std::allocator<char> > const&) (basic_string.tcc:351)
==126852==    by 0x401BBE0: std::__cxx11::basic_string<char, std::char_traits<char>, std::allocator<char> >::assign(std::__cxx11::basic_string<char, std::char_traits<char>, std::allocator<char> > const&) (basic_string.h:1795)
==126852==    by 0x401A70C: std::__cxx11::basic_string<char, std::char_traits<char>, std::allocator<char> >::operator=(std::__cxx11::basic_string<char, std::char_traits<char>, std::allocator<char> > const&) (basic_string.h:930)
==126852==    by 0x4045532: add_macro(std::__cxx11::basic_string<char, std::char_traits<char>, std::allocator<char> > const&, bool, Token*) (preprocess.cpp:334)
==126852==    by 0x404B309: define_macro(std::__cxx11::basic_string<char, std::char_traits<char>, std::allocator<char> > const&, std::__cxx11::basic_string<char, std::char_traits<char>, std::allocator<char> > const&) (preprocess.cpp:1009)
==126852==    by 0x404BEF9: init_macros() (preprocess.cpp:1084)
==126852==    by 0x40121AF: main (main.cpp:745)
==126852== 
==126852== 31 bytes in 1 blocks are indirectly lost in loss record 13 of 195
==126852==    at 0x4907093: operator new(unsigned long) (vg_replace_malloc.c:487)
==126852==    by 0x400E97C: std::__new_allocator<char>::allocate(unsigned long, void const*) (new_allocator.h:162)
==126852==    by 0x400E920: allocate (allocator.h:206)
==126852==    by 0x400E920: allocate (alloc_traits.h:638)
==126852==    by 0x400E920: std::__cxx11::basic_string<char, std::char_traits<char>, std::allocator<char> >::_S_allocate(std::allocator<char>&, unsigned long) (basic_string.h:141)
==126852==    by 0x400E842: std::__cxx11::basic_string<char, std::char_traits<char>, std::allocator<char> >::_M_create(unsigned long&, unsigned long) (basic_string.tcc:164)
==126852==    by 0x401BC5B: std::__cxx11::basic_string<char, std::char_traits<char>, std::allocator<char> >::_M_assign(std::__cxx11::basic_string<char, std::char_traits<char>, std::allocator<char> > const&) (basic_string.tcc:351)
==126852==    by 0x401BBE0: std::__cxx11::basic_string<char, std::char_traits<char>, std::allocator<char> >::assign(std::__cxx11::basic_string<char, std::char_traits<char>, std::allocator<char> > const&) (basic_string.h:1795)
==126852==    by 0x401A70C: std::__cxx11::basic_string<char, std::char_traits<char>, std::allocator<char> >::operator=(std::__cxx11::basic_string<char, std::char_traits<char>, std::allocator<char> > const&) (basic_string.h:930)
==126852==    by 0x4045532: add_macro(std::__cxx11::basic_string<char, std::char_traits<char>, std::allocator<char> > const&, bool, Token*) (preprocess.cpp:334)
==126852==    by 0x404B309: define_macro(std::__cxx11::basic_string<char, std::char_traits<char>, std::allocator<char> > const&, std::__cxx11::basic_string<char, std::char_traits<char>, std::allocator<char> > const&) (preprocess.cpp:1009)
==126852==    by 0x404C04F: init_macros() (preprocess.cpp:1086)
==126852==    by 0x40121AF: main (main.cpp:745)
==126852== 
==126852== 31 bytes in 1 blocks are indirectly lost in loss record 14 of 195
==126852==    at 0x4907093: operator new(unsigned long) (vg_replace_malloc.c:487)
==126852==    by 0x400E97C: std::__new_allocator<char>::allocate(unsigned long, void const*) (new_allocator.h:162)
==126852==    by 0x400E920: allocate (allocator.h:206)
==126852==    by 0x400E920: allocate (alloc_traits.h:638)
==126852==    by 0x400E920: std::__cxx11::basic_string<char, std::char_traits<char>, std::allocator<char> >::_S_allocate(std::allocator<char>&, unsigned long) (basic_string.h:141)
==126852==    by 0x400E842: std::__cxx11::basic_string<char, std::char_traits<char>, std::allocator<char> >::_M_create(unsigned long&, unsigned long) (basic_string.tcc:164)
==126852==    by 0x401BC5B: std::__cxx11::basic_string<char, std::char_traits<char>, std::allocator<char> >::_M_assign(std::__cxx11::basic_string<char, std::char_traits<char>, std::allocator<char> > const&) (basic_string.tcc:351)
==126852==    by 0x401BBE0: std::__cxx11::basic_string<char, std::char_traits<char>, std::allocator<char> >::assign(std::__cxx11::basic_string<char, std::char_traits<char>, std::allocator<char> > const&) (basic_string.h:1795)
==126852==    by 0x401A70C: std::__cxx11::basic_string<char, std::char_traits<char>, std::allocator<char> >::operator=(std::__cxx11::basic_string<char, std::char_traits<char>, std::allocator<char> > const&) (basic_string.h:930)
==126852==    by 0x4045532: add_macro(std::__cxx11::basic_string<char, std::char_traits<char>, std::allocator<char> > const&, bool, Token*) (preprocess.cpp:334)
==126852==    by 0x404B309: define_macro(std::__cxx11::basic_string<char, std::char_traits<char>, std::allocator<char> > const&, std::__cxx11::basic_string<char, std::char_traits<char>, std::allocator<char> > const&) (preprocess.cpp:1009)
==126852==    by 0x404C0FA: init_macros() (preprocess.cpp:1087)
==126852==    by 0x40121AF: main (main.cpp:745)
==126852== 
==126852== 31 bytes in 1 blocks are indirectly lost in loss record 15 of 195
==126852==    at 0x4907093: operator new(unsigned long) (vg_replace_malloc.c:487)
==126852==    by 0x400E97C: std::__new_allocator<char>::allocate(unsigned long, void const*) (new_allocator.h:162)
==126852==    by 0x400E920: allocate (allocator.h:206)
==126852==    by 0x400E920: allocate (alloc_traits.h:638)
==126852==    by 0x400E920: std::__cxx11::basic_string<char, std::char_traits<char>, std::allocator<char> >::_S_allocate(std::allocator<char>&, unsigned long) (basic_string.h:141)
==126852==    by 0x400E842: std::__cxx11::basic_string<char, std::char_traits<char>, std::allocator<char> >::_M_create(unsigned long&, unsigned long) (basic_string.tcc:164)
==126852==    by 0x401BC5B: std::__cxx11::basic_string<char, std::char_traits<char>, std::allocator<char> >::_M_assign(std::__cxx11::basic_string<char, std::char_traits<char>, std::allocator<char> > const&) (basic_string.tcc:351)
==126852==    by 0x401BBE0: std::__cxx11::basic_string<char, std::char_traits<char>, std::allocator<char> >::assign(std::__cxx11::basic_string<char, std::char_traits<char>, std::allocator<char> > const&) (basic_string.h:1795)
==126852==    by 0x401A70C: std::__cxx11::basic_string<char, std::char_traits<char>, std::allocator<char> >::operator=(std::__cxx11::basic_string<char, std::char_traits<char>, std::allocator<char> > const&) (basic_string.h:930)
==126852==    by 0x4045532: add_macro(std::__cxx11::basic_string<char, std::char_traits<char>, std::allocator<char> > const&, bool, Token*) (preprocess.cpp:334)
==126852==    by 0x404B309: define_macro(std::__cxx11::basic_string<char, std::char_traits<char>, std::allocator<char> > const&, std::__cxx11::basic_string<char, std::char_traits<char>, std::allocator<char> > const&) (preprocess.cpp:1009)
==126852==    by 0x404C1A5: init_macros() (preprocess.cpp:1088)
==126852==    by 0x40121AF: main (main.cpp:745)
==126852== 
==126852== 31 bytes in 1 blocks are indirectly lost in loss record 16 of 195
==126852==    at 0x4907093: operator new(unsigned long) (vg_replace_malloc.c:487)
==126852==    by 0x400E97C: std::__new_allocator<char>::allocate(unsigned long, void const*) (new_allocator.h:162)
==126852==    by 0x400E920: allocate (allocator.h:206)
==126852==    by 0x400E920: allocate (alloc_traits.h:638)
==126852==    by 0x400E920: std::__cxx11::basic_string<char, std::char_traits<char>, std::allocator<char> >::_S_allocate(std::allocator<char>&, unsigned long) (basic_string.h:141)
==126852==    by 0x400E842: std::__cxx11::basic_string<char, std::char_traits<char>, std::allocator<char> >::_M_create(unsigned long&, unsigned long) (basic_string.tcc:164)
==126852==    by 0x401BC5B: std::__cxx11::basic_string<char, std::char_traits<char>, std::allocator<char> >::_M_assign(std::__cxx11::basic_string<char, std::char_traits<char>, std::allocator<char> > const&) (basic_string.tcc:351)
==126852==    by 0x401BBE0: std::__cxx11::basic_string<char, std::char_traits<char>, std::allocator<char> >::assign(std::__cxx11::basic_string<char, std::char_traits<char>, std::allocator<char> > const&) (basic_string.h:1795)
==126852==    by 0x401A70C: std::__cxx11::basic_string<char, std::char_traits<char>, std::allocator<char> >::operator=(std::__cxx11::basic_string<char, std::char_traits<char>, std::allocator<char> > const&) (basic_string.h:930)
==126852==    by 0x4045532: add_macro(std::__cxx11::basic_string<char, std::char_traits<char>, std::allocator<char> > const&, bool, Token*) (preprocess.cpp:334)
==126852==    by 0x404B309: define_macro(std::__cxx11::basic_string<char, std::char_traits<char>, std::allocator<char> > const&, std::__cxx11::basic_string<char, std::char_traits<char>, std::allocator<char> > const&) (preprocess.cpp:1009)
==126852==    by 0x404C250: init_macros() (preprocess.cpp:1089)
==126852==    by 0x40121AF: main (main.cpp:745)
==126852== 
==126852== 31 bytes in 1 blocks are indirectly lost in loss record 17 of 195
==126852==    at 0x4907093: operator new(unsigned long) (vg_replace_malloc.c:487)
==126852==    by 0x400E97C: std::__new_allocator<char>::allocate(unsigned long, void const*) (new_allocator.h:162)
==126852==    by 0x400E920: allocate (allocator.h:206)
==126852==    by 0x400E920: allocate (alloc_traits.h:638)
==126852==    by 0x400E920: std::__cxx11::basic_string<char, std::char_traits<char>, std::allocator<char> >::_S_allocate(std::allocator<char>&, unsigned long) (basic_string.h:141)
==126852==    by 0x400E842: std::__cxx11::basic_string<char, std::char_traits<char>, std::allocator<char> >::_M_create(unsigned long&, unsigned long) (basic_string.tcc:164)
==126852==    by 0x401BC5B: std::__cxx11::basic_string<char, std::char_traits<char>, std::allocator<char> >::_M_assign(std::__cxx11::basic_string<char, std::char_traits<char>, std::allocator<char> > const&) (basic_string.tcc:351)
==126852==    by 0x401BBE0: std::__cxx11::basic_string<char, std::char_traits<char>, std::allocator<char> >::assign(std::__cxx11::basic_string<char, std::char_traits<char>, std::allocator<char> > const&) (basic_string.h:1795)
==126852==    by 0x401A70C: std::__cxx11::basic_string<char, std::char_traits<char>, std::allocator<char> >::operator=(std::__cxx11::basic_string<char, std::char_traits<char>, std::allocator<char> > const&) (basic_string.h:930)
==126852==    by 0x4045532: add_macro(std::__cxx11::basic_string<char, std::char_traits<char>, std::allocator<char> > const&, bool, Token*) (preprocess.cpp:334)
==126852==    by 0x404B309: define_macro(std::__cxx11::basic_string<char, std::char_traits<char>, std::allocator<char> > const&, std::__cxx11::basic_string<char, std::char_traits<char>, std::allocator<char> > const&) (preprocess.cpp:1009)
==126852==    by 0x404C451: init_macros() (preprocess.cpp:1092)
==126852==    by 0x40121AF: main (main.cpp:745)
==126852== 
==126852== 31 bytes in 1 blocks are indirectly lost in loss record 18 of 195
==126852==    at 0x4907093: operator new(unsigned long) (vg_replace_malloc.c:487)
==126852==    by 0x400E97C: std::__new_allocator<char>::allocate(unsigned long, void const*) (new_allocator.h:162)
==126852==    by 0x400E920: allocate (allocator.h:206)
==126852==    by 0x400E920: allocate (alloc_traits.h:638)
==126852==    by 0x400E920: std::__cxx11::basic_string<char, std::char_traits<char>, std::allocator<char> >::_S_allocate(std::allocator<char>&, unsigned long) (basic_string.h:141)
==126852==    by 0x400E842: std::__cxx11::basic_string<char, std::char_traits<char>, std::allocator<char> >::_M_create(unsigned long&, unsigned long) (basic_string.tcc:164)
==126852==    by 0x401BC5B: std::__cxx11::basic_string<char, std::char_traits<char>, std::allocator<char> >::_M_assign(std::__cxx11::basic_string<char, std::char_traits<char>, std::allocator<char> > const&) (basic_string.tcc:351)
==126852==    by 0x401BBE0: std::__cxx11::basic_string<char, std::char_traits<char>, std::allocator<char> >::assign(std::__cxx11::basic_string<char, std::char_traits<char>, std::allocator<char> > const&) (basic_string.h:1795)
==126852==    by 0x401A70C: std::__cxx11::basic_string<char, std::char_traits<char>, std::allocator<char> >::operator=(std::__cxx11::basic_string<char, std::char_traits<char>, std::allocator<char> > const&) (basic_string.h:930)
==126852==    by 0x4045532: add_macro(std::__cxx11::basic_string<char, std::char_traits<char>, std::allocator<char> > const&, bool, Token*) (preprocess.cpp:334)
==126852==    by 0x404B309: define_macro(std::__cxx11::basic_string<char, std::char_traits<char>, std::allocator<char> > const&, std::__cxx11::basic_string<char, std::char_traits<char>, std::allocator<char> > const&) (preprocess.cpp:1009)
==126852==    by 0x404C652: init_macros() (preprocess.cpp:1095)
==126852==    by 0x40121AF: main (main.cpp:745)
==126852== 
==126852== 31 bytes in 1 blocks are indirectly lost in loss record 19 of 195
==126852==    at 0x4907093: operator new(unsigned long) (vg_replace_malloc.c:487)
==126852==    by 0x400E97C: std::__new_allocator<char>::allocate(unsigned long, void const*) (new_allocator.h:162)
==126852==    by 0x400E920: allocate (allocator.h:206)
==126852==    by 0x400E920: allocate (alloc_traits.h:638)
==126852==    by 0x400E920: std::__cxx11::basic_string<char, std::char_traits<char>, std::allocator<char> >::_S_allocate(std::allocator<char>&, unsigned long) (basic_string.h:141)
==126852==    by 0x400E842: std::__cxx11::basic_string<char, std::char_traits<char>, std::allocator<char> >::_M_create(unsigned long&, unsigned long) (basic_string.tcc:164)
==126852==    by 0x401BC5B: std::__cxx11::basic_string<char, std::char_traits<char>, std::allocator<char> >::_M_assign(std::__cxx11::basic_string<char, std::char_traits<char>, std::allocator<char> > const&) (basic_string.tcc:351)
==126852==    by 0x401BBE0: std::__cxx11::basic_string<char, std::char_traits<char>, std::allocator<char> >::assign(std::__cxx11::basic_string<char, std::char_traits<char>, std::allocator<char> > const&) (basic_string.h:1795)
==126852==    by 0x401A70C: std::__cxx11::basic_string<char, std::char_traits<char>, std::allocator<char> >::operator=(std::__cxx11::basic_string<char, std::char_traits<char>, std::allocator<char> > const&) (basic_string.h:930)
==126852==    by 0x4045532: add_macro(std::__cxx11::basic_string<char, std::char_traits<char>, std::allocator<char> > const&, bool, Token*) (preprocess.cpp:334)
==126852==    by 0x404B309: define_macro(std::__cxx11::basic_string<char, std::char_traits<char>, std::allocator<char> > const&, std::__cxx11::basic_string<char, std::char_traits<char>, std::allocator<char> > const&) (preprocess.cpp:1009)
==126852==    by 0x404C7A8: init_macros() (preprocess.cpp:1097)
==126852==    by 0x40121AF: main (main.cpp:745)
==126852== 
==126852== 88 bytes in 1 blocks are still reachable in loss record 20 of 195
==126852==    at 0x4907093: operator new(unsigned long) (vg_replace_malloc.c:487)
==126852==    by 0x401D725: std::__new_allocator<char*>::allocate(unsigned long, void const*) (new_allocator.h:162)
==126852==    by 0x401D54F: allocate (allocator.h:206)
==126852==    by 0x401D54F: allocate (alloc_traits.h:638)
==126852==    by 0x401D54F: std::_Vector_base<char*, std::allocator<char*> >::_M_allocate(unsigned long) (stl_vector.h:389)
==126852==    by 0x401C429: std::vector<char*, std::allocator<char*> >::reserve(unsigned long) (vector.tcc:82)
==126852==    by 0x4016502: run_cc1(int, char**, std::__cxx11::basic_string<char, std::char_traits<char>, std::allocator<char> >, std::__cxx11::basic_string<char, std::char_traits<char>, std::allocator<char> >) (main.cpp:455)
==126852==    by 0x40130B7: main (main.cpp:825)
==126852== 
==126852== 96 bytes in 1 blocks are definitely lost in loss record 21 of 195
==126852==    at 0x4907093: operator new(unsigned long) (vg_replace_malloc.c:487)
==126852==    by 0x4045501: add_macro(std::__cxx11::basic_string<char, std::char_traits<char>, std::allocator<char> > const&, bool, Token*) (preprocess.cpp:333)
==126852==    by 0x404B3A1: add_builtin(std::__cxx11::basic_string<char, std::char_traits<char>, std::allocator<char> > const&, Token* (*)(Token*)) (preprocess.cpp:1017)
==126852==    by 0x404D428: init_macros() (preprocess.cpp:1117)
==126852==    by 0x40121AF: main (main.cpp:745)
==126852== 
==126852== 96 bytes in 1 blocks are definitely lost in loss record 22 of 195
==126852==    at 0x4907093: operator new(unsigned long) (vg_replace_malloc.c:487)
==126852==    by 0x4045501: add_macro(std::__cxx11::basic_string<char, std::char_traits<char>, std::allocator<char> > const&, bool, Token*) (preprocess.cpp:333)
==126852==    by 0x404B3A1: add_builtin(std::__cxx11::basic_string<char, std::char_traits<char>, std::allocator<char> > const&, Token* (*)(Token*)) (preprocess.cpp:1017)
==126852==    by 0x404D488: init_macros() (preprocess.cpp:1118)
==126852==    by 0x40121AF: main (main.cpp:745)
==126852== 
==126852== 96 bytes in 1 blocks are definitely lost in loss record 23 of 195
==126852==    at 0x4907093: operator new(unsigned long) (vg_replace_malloc.c:487)
==126852==    by 0x4045501: add_macro(std::__cxx11::basic_string<char, std::char_traits<char>, std::allocator<char> > const&, bool, Token*) (preprocess.cpp:333)
==126852==    by 0x404B3A1: add_builtin(std::__cxx11::basic_string<char, std::char_traits<char>, std::allocator<char> > const&, Token* (*)(Token*)) (preprocess.cpp:1017)
==126852==    by 0x404D4E8: init_macros() (preprocess.cpp:1119)
==126852==    by 0x40121AF: main (main.cpp:745)
==126852== 
==126852== 96 bytes in 1 blocks are definitely lost in loss record 24 of 195
==126852==    at 0x4907093: operator new(unsigned long) (vg_replace_malloc.c:487)
==126852==    by 0x4045501: add_macro(std::__cxx11::basic_string<char, std::char_traits<char>, std::allocator<char> > const&, bool, Token*) (preprocess.cpp:333)
==126852==    by 0x404B3A1: add_builtin(std::__cxx11::basic_string<char, std::char_traits<char>, std::allocator<char> > const&, Token* (*)(Token*)) (preprocess.cpp:1017)
==126852==    by 0x404D548: init_macros() (preprocess.cpp:1120)
==126852==    by 0x40121AF: main (main.cpp:745)
==126852== 
==126852== 96 bytes in 1 blocks are definitely lost in loss record 25 of 195
==126852==    at 0x4907093: operator new(unsigned long) (vg_replace_malloc.c:487)
==126852==    by 0x4045501: add_macro(std::__cxx11::basic_string<char, std::char_traits<char>, std::allocator<char> > const&, bool, Token*) (preprocess.cpp:333)
==126852==    by 0x404B3A1: add_builtin(std::__cxx11::basic_string<char, std::char_traits<char>, std::allocator<char> > const&, Token* (*)(Token*)) (preprocess.cpp:1017)
==126852==    by 0x404D5A8: init_macros() (preprocess.cpp:1121)
==126852==    by 0x40121AF: main (main.cpp:745)
==126852== 
==126852== 112 bytes in 1 blocks are still reachable in loss record 26 of 195
==126852==    at 0x4907093: operator new(unsigned long) (vg_replace_malloc.c:487)
==126852==    by 0x40694A0: new_file(std::__cxx11::basic_string<char, std::char_traits<char>, std::allocator<char> >, int, std::__cxx11::basic_string<char, std::char_traits<char>, std::allocator<char> > const&) (tokenize.cpp:659)
==126852==    by 0x404B2C3: define_macro(std::__cxx11::basic_string<char, std::char_traits<char>, std::allocator<char> > const&, std::__cxx11::basic_string<char, std::char_traits<char>, std::allocator<char> > const&) (preprocess.cpp:1008)
==126852==    by 0x404D690: init_macros() (preprocess.cpp:1124)
==126852==    by 0x40121AF: main (main.cpp:745)
==126852== 
==126852== 112 bytes in 1 blocks are indirectly lost in loss record 27 of 195
==126852==    at 0x4907093: operator new(unsigned long) (vg_replace_malloc.c:487)
==126852==    by 0x40694A0: new_file(std::__cxx11::basic_string<char, std::char_traits<char>, std::allocator<char> >, int, std::__cxx11::basic_string<char, std::char_traits<char>, std::allocator<char> > const&) (tokenize.cpp:659)
==126852==    by 0x404B2C3: define_macro(std::__cxx11::basic_string<char, std::char_traits<char>, std::allocator<char> > const&, std::__cxx11::basic_string<char, std::char_traits<char>, std::allocator<char> > const&) (preprocess.cpp:1008)
==126852==    by 0x404B9B0: init_macros() (preprocess.cpp:1076)
==126852==    by 0x40121AF: main (main.cpp:745)
==126852== 
==126852== 112 bytes in 1 blocks are indirectly lost in loss record 28 of 195
==126852==    at 0x4907093: operator new(unsigned long) (vg_replace_malloc.c:487)
==126852==    by 0x40694A0: new_file(std::__cxx11::basic_string<char, std::char_traits<char>, std::allocator<char> >, int, std::__cxx11::basic_string<char, std::char_traits<char>, std::allocator<char> > const&) (tokenize.cpp:659)
==126852==    by 0x404B2C3: define_macro(std::__cxx11::basic_string<char, std::char_traits<char>, std::allocator<char> > const&, std::__cxx11::basic_string<char, std::char_traits<char>, std::allocator<char> > const&) (preprocess.cpp:1008)
==126852==    by 0x404BA4F: init_macros() (preprocess.cpp:1077)
==126852==    by 0x40121AF: main (main.cpp:745)
==126852== 
==126852== 112 bytes in 1 blocks are indirectly lost in loss record 29 of 195
==126852==    at 0x4907093: operator new(unsigned long) (vg_replace_malloc.c:487)
==126852==    by 0x40694A0: new_file(std::__cxx11::basic_string<char, std::char_traits<char>, std::allocator<char> >, int, std::__cxx11::basic_string<char, std::char_traits<char>, std::allocator<char> > const&) (tokenize.cpp:659)
==126852==    by 0x404B2C3: define_macro(std::__cxx11::basic_string<char, std::char_traits<char>, std::allocator<char> > const&, std::__cxx11::basic_string<char, std::char_traits<char>, std::allocator<char> > const&) (preprocess.cpp:1008)
==126852==    by 0x404BAF7: init_macros() (preprocess.cpp:1078)
==126852==    by 0x40121AF: main (main.cpp:745)
==126852== 
==126852== 112 bytes in 1 blocks are indirectly lost in loss record 30 of 195
==126852==    at 0x4907093: operator new(unsigned long) (vg_replace_malloc.c:487)
==126852==    by 0x40694A0: new_file(std::__cxx11::basic_string<char, std::char_traits<char>, std::allocator<char> >, int, std::__cxx11::basic_string<char, std::char_traits<char>, std::allocator<char> > const&) (tokenize.cpp:659)
==126852==    by 0x404B2C3: define_macro(std::__cxx11::basic_string<char, std::char_traits<char>, std::allocator<char> > const&, std::__cxx11::basic_string<char, std::char_traits<char>, std::allocator<char> > const&) (preprocess.cpp:1008)
==126852==    by 0x404BBA2: init_macros() (preprocess.cpp:1079)
==126852==    by 0x40121AF: main (main.cpp:745)
==126852== 
==126852== 112 bytes in 1 blocks are indirectly lost in loss record 31 of 195
==126852==    at 0x4907093: operator new(unsigned long) (vg_replace_malloc.c:487)
==126852==    by 0x40694A0: new_file(std::__cxx11::basic_string<char, std::char_traits<char>, std::allocator<char> >, int, std::__cxx11::basic_string<char, std::char_traits<char>, std::allocator<char> > const&) (tokenize.cpp:659)
==126852==    by 0x404B2C3: define_macro(std::__cxx11::basic_string<char, std::char_traits<char>, std::allocator<char> > const&, std::__cxx11::basic_string<char, std::char_traits<char>, std::allocator<char> > const&) (preprocess.cpp:1008)
==126852==    by 0x404BC4D: init_macros() (preprocess.cpp:1080)
==126852==    by 0x40121AF: main (main.cpp:745)
==126852== 
==126852== 112 bytes in 1 blocks are indirectly lost in loss record 32 of 195
==126852==    at 0x4907093: operator new(unsigned long) (vg_replace_malloc.c:487)
==126852==    by 0x40694A0: new_file(std::__cxx11::basic_string<char, std::char_traits<char>, std::allocator<char> >, int, std::__cxx11::basic_string<char, std::char_traits<char>, std::allocator<char> > const&) (tokenize.cpp:659)
==126852==    by 0x404B2C3: define_macro(std::__cxx11::basic_string<char, std::char_traits<char>, std::allocator<char> > const&, std::__cxx11::basic_string<char, std::char_traits<char>, std::allocator<char> > const&) (preprocess.cpp:1008)
==126852==    by 0x404BCF8: init_macros() (preprocess.cpp:1081)
==126852==    by 0x40121AF: main (main.cpp:745)
==126852== 
==126852== 112 bytes in 1 blocks are indirectly lost in loss record 33 of 195
==126852==    at 0x4907093: operator new(unsigned long) (vg_replace_malloc.c:487)
==126852==    by 0x40694A0: new_file(std::__cxx11::basic_string<char, std::char_traits<char>, std::allocator<char> >, int, std::__cxx11::basic_string<char, std::char_traits<char>, std::allocator<char> > const&) (tokenize.cpp:659)
==126852==    by 0x404B2C3: define_macro(std::__cxx11::basic_string<char, std::char_traits<char>, std::allocator<char> > const&, std::__cxx11::basic_string<char, std::char_traits<char>, std::allocator<char> > const&) (preprocess.cpp:1008)
==126852==    by 0x404BDA3: init_macros() (preprocess.cpp:1082)
==126852==    by 0x40121AF: main (main.cpp:745)
==126852== 
==126852== 112 bytes in 1 blocks are indirectly lost in loss record 34 of 195
==126852==    at 0x4907093: operator new(unsigned long) (vg_replace_malloc.c:487)
==126852==    by 0x40694A0: new_file(std::__cxx11::basic_string<char, std::char_traits<char>, std::allocator<char> >, int, std::__cxx11::basic_string<char, std::char_traits<char>, std::allocator<char> > const&) (tokenize.cpp:659)
==126852==    by 0x404B2C3: define_macro(std::__cxx11::basic_string<char, std::char_traits<char>, std::allocator<char> > const&, std::__cxx11::basic_string<char, std::char_traits<char>, std::allocator<char> > const&) (preprocess.cpp:1008)
==126852==    by 0x404BE4E: init_macros() (preprocess.cpp:1083)
==126852==    by 0x40121AF: main (main.cpp:745)
==126852== 
==126852== 112 bytes in 1 blocks are indirectly lost in loss record 35 of 195
==126852==    at 0x4907093: operator new(unsigned long) (vg_replace_malloc.c:487)
==126852==    by 0x40694A0: new_file(std::__cxx11::basic_string<char, std::char_traits<char>, std::allocator<char> >, int, std::__cxx11::basic_string<char, std::char_traits<char>, std::allocator<char> > const&) (tokenize.cpp:659)
==126852==    by 0x404B2C3: define_macro(std::__cxx11::basic_string<char, std::char_traits<char>, std::allocator<char> > const&, std::__cxx11::basic_string<char, std::char_traits<char>, std::allocator<char> > const&) (preprocess.cpp:1008)
==126852==    by 0x404BEF9: init_macros() (preprocess.cpp:1084)
==126852==    by 0x40121AF: main (main.cpp:745)
==126852== 
==126852== 112 bytes in 1 blocks are indirectly lost in loss record 36 of 195
==126852==    at 0x4907093: operator new(unsigned long) (vg_replace_malloc.c:487)
==126852==    by 0x40694A0: new_file(std::__cxx11::basic_string<char, std::char_traits<char>, std::allocator<char> >, int, std::__cxx11::basic_string<char, std::char_traits<char>, std::allocator<char> > const&) (tokenize.cpp:659)
==126852==    by 0x404B2C3: define_macro(std::__cxx11::basic_string<char, std::char_traits<char>, std::allocator<char> > const&, std::__cxx11::basic_string<char, std::char_traits<char>, std::allocator<char> > const&) (preprocess.cpp:1008)
==126852==    by 0x404BFA4: init_macros() (preprocess.cpp:1085)
==126852==    by 0x40121AF: main (main.cpp:745)
==126852== 
==126852== 112 bytes in 1 blocks are indirectly lost in loss record 37 of 195
==126852==    at 0x4907093: operator new(unsigned long) (vg_replace_malloc.c:487)
==126852==    by 0x40694A0: new_file(std::__cxx11::basic_string<char, std::char_traits<char>, std::allocator<char> >, int, std::__cxx11::basic_string<char, std::char_traits<char>, std::allocator<char> > const&) (tokenize.cpp:659)
==126852==    by 0x404B2C3: define_macro(std::__cxx11::basic_string<char, std::char_traits<char>, std::allocator<char> > const&, std::__cxx11::basic_string<char, std::char_traits<char>, std::allocator<char> > const&) (preprocess.cpp:1008)
==126852==    by 0x404C04F: init_macros() (preprocess.cpp:1086)
==126852==    by 0x40121AF: main (main.cpp:745)
==126852== 
==126852== 112 bytes in 1 blocks are indirectly lost in loss record 38 of 195
==126852==    at 0x4907093: operator new(unsigned long) (vg_replace_malloc.c:487)
==126852==    by 0x40694A0: new_file(std::__cxx11::basic_string<char, std::char_traits<char>, std::allocator<char> >, int, std::__cxx11::basic_string<char, std::char_traits<char>, std::allocator<char> > const&) (tokenize.cpp:659)
==126852==    by 0x404B2C3: define_macro(std::__cxx11::basic_string<char, std::char_traits<char>, std::allocator<char> > const&, std::__cxx11::basic_string<char, std::char_traits<char>, std::allocator<char> > const&) (preprocess.cpp:1008)
==126852==    by 0x404C0FA: init_macros() (preprocess.cpp:1087)
==126852==    by 0x40121AF: main (main.cpp:745)
==126852== 
==126852== 112 bytes in 1 blocks are indirectly lost in loss record 39 of 195
==126852==    at 0x4907093: operator new(unsigned long) (vg_replace_malloc.c:487)
==126852==    by 0x40694A0: new_file(std::__cxx11::basic_string<char, std::char_traits<char>, std::allocator<char> >, int, std::__cxx11::basic_string<char, std::char_traits<char>, std::allocator<char> > const&) (tokenize.cpp:659)
==126852==    by 0x404B2C3: define_macro(std::__cxx11::basic_string<char, std::char_traits<char>, std::allocator<char> > const&, std::__cxx11::basic_string<char, std::char_traits<char>, std::allocator<char> > const&) (preprocess.cpp:1008)
==126852==    by 0x404C1A5: init_macros() (preprocess.cpp:1088)
==126852==    by 0x40121AF: main (main.cpp:745)
==126852== 
==126852== 112 bytes in 1 blocks are indirectly lost in loss record 40 of 195
==126852==    at 0x4907093: operator new(unsigned long) (vg_replace_malloc.c:487)
==126852==    by 0x40694A0: new_file(std::__cxx11::basic_string<char, std::char_traits<char>, std::allocator<char> >, int, std::__cxx11::basic_string<char, std::char_traits<char>, std::allocator<char> > const&) (tokenize.cpp:659)
==126852==    by 0x404B2C3: define_macro(std::__cxx11::basic_string<char, std::char_traits<char>, std::allocator<char> > const&, std::__cxx11::basic_string<char, std::char_traits<char>, std::allocator<char> > const&) (preprocess.cpp:1008)
==126852==    by 0x404C250: init_macros() (preprocess.cpp:1089)
==126852==    by 0x40121AF: main (main.cpp:745)
==126852== 
==126852== 112 bytes in 1 blocks are indirectly lost in loss record 41 of 195
==126852==    at 0x4907093: operator new(unsigned long) (vg_replace_malloc.c:487)
==126852==    by 0x40694A0: new_file(std::__cxx11::basic_string<char, std::char_traits<char>, std::allocator<char> >, int, std::__cxx11::basic_string<char, std::char_traits<char>, std::allocator<char> > const&) (tokenize.cpp:659)
==126852==    by 0x404B2C3: define_macro(std::__cxx11::basic_string<char, std::char_traits<char>, std::allocator<char> > const&, std::__cxx11::basic_string<char, std::char_traits<char>, std::allocator<char> > const&) (preprocess.cpp:1008)
==126852==    by 0x404C2FB: init_macros() (preprocess.cpp:1090)
==126852==    by 0x40121AF: main (main.cpp:745)
==126852== 
==126852== 112 bytes in 1 blocks are indirectly lost in loss record 42 of 195
==126852==    at 0x4907093: operator new(unsigned long) (vg_replace_malloc.c:487)
==126852==    by 0x40694A0: new_file(std::__cxx11::basic_string<char, std::char_traits<char>, std::allocator<char> >, int, std::__cxx11::basic_string<char, std::char_traits<char>, std::allocator<char> > const&) (tokenize.cpp:659)
==126852==    by 0x404B2C3: define_macro(std::__cxx11::basic_string<char, std::char_traits<char>, std::allocator<char> > const&, std::__cxx11::basic_string<char, std::char_traits<char>, std::allocator<char> > const&) (preprocess.cpp:1008)
==126852==    by 0x404C3A6: init_macros() (preprocess.cpp:1091)
==126852==    by 0x40121AF: main (main.cpp:745)
==126852== 
==126852== 112 bytes in 1 blocks are indirectly lost in loss record 43 of 195
==126852==    at 0x4907093: operator new(unsigned long) (vg_replace_malloc.c:487)
==126852==    by 0x40694A0: new_file(std::__cxx11::basic_string<char, std::char_traits<char>, std::allocator<char> >, int, std::__cxx11::basic_string<char, std::char_traits<char>, std::allocator<char> > const&) (tokenize.cpp:659)
==126852==    by 0x404B2C3: define_macro(std::__cxx11::basic_string<char, std::char_traits<char>, std::allocator<char> > const&, std::__cxx11::basic_string<char, std::char_traits<char>, std::allocator<char> > const&) (preprocess.cpp:1008)
==126852==    by 0x404C451: init_macros() (preprocess.cpp:1092)
==126852==    by 0x40121AF: main (main.cpp:745)
==126852== 
==126852== 112 bytes in 1 blocks are indirectly lost in loss record 44 of 195
==126852==    at 0x4907093: operator new(unsigned long) (vg_replace_malloc.c:487)
==126852==    by 0x40694A0: new_file(std::__cxx11::basic_string<char, std::char_traits<char>, std::allocator<char> >, int, std::__cxx11::basic_string<char, std::char_traits<char>, std::allocator<char> > const&) (tokenize.cpp:659)
==126852==    by 0x404B2C3: define_macro(std::__cxx11::basic_string<char, std::char_traits<char>, std::allocator<char> > const&, std::__cxx11::basic_string<char, std::char_traits<char>, std::allocator<char> > const&) (preprocess.cpp:1008)
==126852==    by 0x404C4FC: init_macros() (preprocess.cpp:1093)
==126852==    by 0x40121AF: main (main.cpp:745)
==126852== 
==126852== 112 bytes in 1 blocks are indirectly lost in loss record 45 of 195
==126852==    at 0x4907093: operator new(unsigned long) (vg_replace_malloc.c:487)
==126852==    by 0x40694A0: new_file(std::__cxx11::basic_string<char, std::char_traits<char>, std::allocator<char> >, int, std::__cxx11::basic_string<char, std::char_traits<char>, std::allocator<char> > const&) (tokenize.cpp:659)
==126852==    by 0x404B2C3: define_macro(std::__cxx11::basic_string<char, std::char_traits<char>, std::allocator<char> > const&, std::__cxx11::basic_string<char, std::char_traits<char>, std::allocator<char> > const&) (preprocess.cpp:1008)
==126852==    by 0x404C5A7: init_macros() (preprocess.cpp:1094)
==126852==    by 0x40121AF: main (main.cpp:745)
==126852== 
==126852== 112 bytes in 1 blocks are indirectly lost in loss record 46 of 195
==126852==    at 0x4907093: operator new(unsigned long) (vg_replace_malloc.c:487)
==126852==    by 0x40694A0: new_file(std::__cxx11::basic_string<char, std::char_traits<char>, std::allocator<char> >, int, std::__cxx11::basic_string<char, std::char_traits<char>, std::allocator<char> > const&) (tokenize.cpp:659)
==126852==    by 0x404B2C3: define_macro(std::__cxx11::basic_string<char, std::char_traits<char>, std::allocator<char> > const&, std::__cxx11::basic_string<char, std::char_traits<char>, std::allocator<char> > const&) (preprocess.cpp:1008)
==126852==    by 0x404C652: init_macros() (preprocess.cpp:1095)
==126852==    by 0x40121AF: main (main.cpp:745)
==126852== 
==126852== 112 bytes in 1 blocks are indirectly lost in loss record 47 of 195
==126852==    at 0x4907093: operator new(unsigned long) (vg_replace_malloc.c:487)
==126852==    by 0x40694A0: new_file(std::__cxx11::basic_string<char, std::char_traits<char>, std::allocator<char> >, int, std::__cxx11::basic_string<char, std::char_traits<char>, std::allocator<char> > const&) (tokenize.cpp:659)
==126852==    by 0x404B2C3: define_macro(std::__cxx11::basic_string<char, std::char_traits<char>, std::allocator<char> > const&, std::__cxx11::basic_string<char, std::char_traits<char>, std::allocator<char> > const&) (preprocess.cpp:1008)
==126852==    by 0x404C6FD: init_macros() (preprocess.cpp:1096)
==126852==    by 0x40121AF: main (main.cpp:745)
==126852== 
==126852== 112 bytes in 1 blocks are indirectly lost in loss record 48 of 195
==126852==    at 0x4907093: operator new(unsigned long) (vg_replace_malloc.c:487)
==126852==    by 0x40694A0: new_file(std::__cxx11::basic_string<char, std::char_traits<char>, std::allocator<char> >, int, std::__cxx11::basic_string<char, std::char_traits<char>, std::allocator<char> > const&) (tokenize.cpp:659)
==126852==    by 0x404B2C3: define_macro(std::__cxx11::basic_string<char, std::char_traits<char>, std::allocator<char> > const&, std::__cxx11::basic_string<char, std::char_traits<char>, std::allocator<char> > const&) (preprocess.cpp:1008)
==126852==    by 0x404C7A8: init_macros() (preprocess.cpp:1097)
==126852==    by 0x40121AF: main (main.cpp:745)
==126852== 
==126852== 112 bytes in 1 blocks are indirectly lost in loss record 49 of 195
==126852==    at 0x4907093: operator new(unsigned long) (vg_replace_malloc.c:487)
==126852==    by 0x40694A0: new_file(std::__cxx11::basic_string<char, std::char_traits<char>, std::allocator<char> >, int, std::__cxx11::basic_string<char, std::char_traits<char>, std::allocator<char> > const&) (tokenize.cpp:659)
==126852==    by 0x404B2C3: define_macro(std::__cxx11::basic_string<char, std::char_traits<char>, std::allocator<char> > const&, std::__cxx11::basic_string<char, std::char_traits<char>, std::allocator<char> > const&) (preprocess.cpp:1008)
==126852==    by 0x404C853: init_macros() (preprocess.cpp:1098)
==126852==    by 0x40121AF: main (main.cpp:745)
==126852== 
==126852== 112 bytes in 1 blocks are indirectly lost in loss record 50 of 195
==126852==    at 0x4907093: operator new(unsigned long) (vg_replace_malloc.c:487)
==126852==    by 0x40694A0: new_file(std::__cxx11::basic_string<char, std::char_traits<char>, std::allocator<char> >, int, std::__cxx11::basic_string<char, std::char_traits<char>, std::allocator<char> > const&) (tokenize.cpp:659)
==126852==    by 0x404B2C3: define_macro(std::__cxx11::basic_string<char, std::char_traits<char>, std::allocator<char> > const&, std::__cxx11::basic_string<char, std::char_traits<char>, std::allocator<char> > const&) (preprocess.cpp:1008)
==126852==    by 0x404C8FE: init_macros() (preprocess.cpp:1099)
==126852==    by 0x40121AF: main (main.cpp:745)
==126852== 
==126852== 112 bytes in 1 blocks are indirectly lost in loss record 51 of 195
==126852==    at 0x4907093: operator new(unsigned long) (vg_replace_malloc.c:487)
==126852==    by 0x40694A0: new_file(std::__cxx11::basic_string<char, std::char_traits<char>, std::allocator<char> >, int, std::__cxx11::basic_string<char, std::char_traits<char>, std::allocator<char> > const&) (tokenize.cpp:659)
==126852==    by 0x404B2C3: define_macro(std::__cxx11::basic_string<char, std::char_traits<char>, std::allocator<char> > const&, std::__cxx11::basic_string<char, std::char_traits<char>, std::allocator<char> > const&) (preprocess.cpp:1008)
==126852==    by 0x404C9A9: init_macros() (preprocess.cpp:1100)
==126852==    by 0x40121AF: main (main.cpp:745)
==126852== 
==126852== 112 bytes in 1 blocks are indirectly lost in loss record 52 of 195
==126852==    at 0x4907093: operator new(unsigned long) (vg_replace_malloc.c:487)
==126852==    by 0x40694A0: new_file(std::__cxx11::basic_string<char, std::char_traits<char>, std::allocator<char> >, int, std::__cxx11::basic_string<char, std::char_traits<char>, std::allocator<char> > const&) (tokenize.cpp:659)
==126852==    by 0x404B2C3: define_macro(std::__cxx11::basic_string<char, std::char_traits<char>, std::allocator<char> > const&, std::__cxx11::basic_string<char, std::char_traits<char>, std::allocator<char> > const&) (preprocess.cpp:1008)
==126852==    by 0x404CA54: init_macros() (preprocess.cpp:1101)
==126852==    by 0x40121AF: main (main.cpp:745)
==126852== 
==126852== 112 bytes in 1 blocks are indirectly lost in loss record 53 of 195
==126852==    at 0x4907093: operator new(unsigned long) (vg_replace_malloc.c:487)
==126852==    by 0x40694A0: new_file(std::__cxx11::basic_string<char, std::char_traits<char>, std::allocator<char> >, int, std::__cxx11::basic_string<char, std::char_traits<char>, std::allocator<char> > const&) (tokenize.cpp:659)
==126852==    by 0x404B2C3: define_macro(std::__cxx11::basic_string<char, std::char_traits<char>, std::allocator<char> > const&, std::__cxx11::basic_string<char, std::char_traits<char>, std::allocator<char> > const&) (preprocess.cpp:1008)
==126852==    by 0x404CAFF: init_macros() (preprocess.cpp:1102)
==126852==    by 0x40121AF: main (main.cpp:745)
==126852== 
==126852== 112 bytes in 1 blocks are indirectly lost in loss record 54 of 195
==126852==    at 0x4907093: operator new(unsigned long) (vg_replace_malloc.c:487)
==126852==    by 0x40694A0: new_file(std::__cxx11::basic_string<char, std::char_traits<char>, std::allocator<char> >, int, std::__cxx11::basic_string<char, std::char_traits<char>, std::allocator<char> > const&) (tokenize.cpp:659)
==126852==    by 0x404B2C3: define_macro(std::__cxx11::basic_string<char, std::char_traits<char>, std::allocator<char> > const&, std::__cxx11::basic_string<char, std::char_traits<char>, std::allocator<char> > const&) (preprocess.cpp:1008)
==126852==    by 0x404CBAA: init_macros() (preprocess.cpp:1103)
==126852==    by 0x40121AF: main (main.cpp:745)
==126852== 
==126852== 112 bytes in 1 blocks are indirectly lost in loss record 55 of 195
==126852==    at 0x4907093: operator new(unsigned long) (vg_replace_malloc.c:487)
==126852==    by 0x40694A0: new_file(std::__cxx11::basic_string<char, std::char_traits<char>, std::allocator<char> >, int, std::__cxx11::basic_string<char, std::char_traits<char>, std::allocator<char> > const&) (tokenize.cpp:659)
==126852==    by 0x404B2C3: define_macro(std::__cxx11::basic_string<char, std::char_traits<char>, std::allocator<char> > const&, std::__cxx11::basic_string<char, std::char_traits<char>, std::allocator<char> > const&) (preprocess.cpp:1008)
==126852==    by 0x404CC55: init_macros() (preprocess.cpp:1104)
==126852==    by 0x40121AF: main (main.cpp:745)
==126852== 
==126852== 112 bytes in 1 blocks are indirectly lost in loss record 56 of 195
==126852==    at 0x4907093: operator new(unsigned long) (vg_replace_malloc.c:487)
==126852==    by 0x40694A0: new_file(std::__cxx11::basic_string<char, std::char_traits<char>, std::allocator<char> >, int, std::__cxx11::basic_string<char, std::char_traits<char>, std::allocator<char> > const&) (tokenize.cpp:659)
==126852==    by 0x404B2C3: define_macro(std::__cxx11::basic_string<char, std::char_traits<char>, std::allocator<char> > const&, std::__cxx11::basic_string<char, std::char_traits<char>, std::allocator<char> > const&) (preprocess.cpp:1008)
==126852==    by 0x404CD00: init_macros() (preprocess.cpp:1105)
==126852==    by 0x40121AF: main (main.cpp:745)
==126852== 
==126852== 112 bytes in 1 blocks are indirectly lost in loss record 57 of 195
==126852==    at 0x4907093: operator new(unsigned long) (vg_replace_malloc.c:487)
==126852==    by 0x40694A0: new_file(std::__cxx11::basic_string<char, std::char_traits<char>, std::allocator<char> >, int, std::__cxx11::basic_string<char, std::char_traits<char>, std::allocator<char> > const&) (tokenize.cpp:659)
==126852==    by 0x404B2C3: define_macro(std::__cxx11::basic_string<char, std::char_traits<char>, std::allocator<char> > const&, std::__cxx11::basic_string<char, std::char_traits<char>, std::allocator<char> > const&) (preprocess.cpp:1008)
==126852==    by 0x404CDAB: init_macros() (preprocess.cpp:1106)
==126852==    by 0x40121AF: main (main.cpp:745)
==126852== 
==126852== 112 bytes in 1 blocks are indirectly lost in loss record 58 of 195
==126852==    at 0x4907093: operator new(unsigned long) (vg_replace_malloc.c:487)
==126852==    by 0x40694A0: new_file(std::__cxx11::basic_string<char, std::char_traits<char>, std::allocator<char> >, int, std::__cxx11::basic_string<char, std::char_traits<char>, std::allocator<char> > const&) (tokenize.cpp:659)
==126852==    by 0x404B2C3: define_macro(std::__cxx11::basic_string<char, std::char_traits<char>, std::allocator<char> > const&, std::__cxx11::basic_string<char, std::char_traits<char>, std::allocator<char> > const&) (preprocess.cpp:1008)
==126852==    by 0x404CE56: init_macros() (preprocess.cpp:1107)
==126852==    by 0x40121AF: main (main.cpp:745)
==126852== 
==126852== 112 bytes in 1 blocks are indirectly lost in loss record 59 of 195
==126852==    at 0x4907093: operator new(unsigned long) (vg_replace_malloc.c:487)
==126852==    by 0x40694A0: new_file(std::__cxx11::basic_string<char, std::char_traits<char>, std::allocator<char> >, int, std::__cxx11::basic_string<char, std::char_traits<char>, std::allocator<char> > const&) (tokenize.cpp:659)
==126852==    by 0x404B2C3: define_macro(std::__cxx11::basic_string<char, std::char_traits<char>, std::allocator<char> > const&, std::__cxx11::basic_string<char, std::char_traits<char>, std::allocator<char> > const&) (preprocess.cpp:1008)
==126852==    by 0x404CF01: init_macros() (preprocess.cpp:1108)
==126852==    by 0x40121AF: main (main.cpp:745)
==126852== 
==126852== 112 bytes in 1 blocks are indirectly lost in loss record 60 of 195
==126852==    at 0x4907093: operator new(unsigned long) (vg_replace_malloc.c:487)
==126852==    by 0x40694A0: new_file(std::__cxx11::basic_string<char, std::char_traits<char>, std::allocator<char> >, int, std::__cxx11::basic_string<char, std::char_traits<char>, std::allocator<char> > const&) (tokenize.cpp:659)
==126852==    by 0x404B2C3: define_macro(std::__cxx11::basic_string<char, std::char_traits<char>, std::allocator<char> > const&, std::__cxx11::basic_string<char, std::char_traits<char>, std::allocator<char> > const&) (preprocess.cpp:1008)
==126852==    by 0x404CFAC: init_macros() (preprocess.cpp:1109)
==126852==    by 0x40121AF: main (main.cpp:745)
==126852== 
==126852== 112 bytes in 1 blocks are indirectly lost in loss record 61 of 195
==126852==    at 0x4907093: operator new(unsigned long) (vg_replace_malloc.c:487)
==126852==    by 0x40694A0: new_file(std::__cxx11::basic_string<char, std::char_traits<char>, std::allocator<char> >, int, std::__cxx11::basic_string<char, std::char_traits<char>, std::allocator<char> > const&) (tokenize.cpp:659)
==126852==    by 0x404B2C3: define_macro(std::__cxx11::basic_string<char, std::char_traits<char>, std::allocator<char> > const&, std::__cxx11::basic_string<char, std::char_traits<char>, std::allocator<char> > const&) (preprocess.cpp:1008)
==126852==    by 0x404D057: init_macros() (preprocess.cpp:1110)
==126852==    by 0x40121AF: main (main.cpp:745)
==126852== 
==126852== 112 bytes in 1 blocks are indirectly lost in loss record 62 of 195
==126852==    at 0x4907093: operator new(unsigned long) (vg_replace_malloc.c:487)
==126852==    by 0x40694A0: new_file(std::__cxx11::basic_string<char, std::char_traits<char>, std::allocator<char> >, int, std::__cxx11::basic_string<char, std::char_traits<char>, std::allocator<char> > const&) (tokenize.cpp:659)
==126852==    by 0x404B2C3: define_macro(std::__cxx11::basic_string<char, std::char_traits<char>, std::allocator<char> > const&, std::__cxx11::basic_string<char, std::char_traits<char>, std::allocator<char> > const&) (preprocess.cpp:1008)
==126852==    by 0x404D102: init_macros() (preprocess.cpp:1111)
==126852==    by 0x40121AF: main (main.cpp:745)
==126852== 
==126852== 112 bytes in 1 blocks are indirectly lost in loss record 63 of 195
==126852==    at 0x4907093: operator new(unsigned long) (vg_replace_malloc.c:487)
==126852==    by 0x40694A0: new_file(std::__cxx11::basic_string<char, std::char_traits<char>, std::allocator<char> >, int, std::__cxx11::basic_string<char, std::char_traits<char>, std::allocator<char> > const&) (tokenize.cpp:659)
==126852==    by 0x404B2C3: define_macro(std::__cxx11::basic_string<char, std::char_traits<char>, std::allocator<char> > const&, std::__cxx11::basic_string<char, std::char_traits<char>, std::allocator<char> > const&) (preprocess.cpp:1008)
==126852==    by 0x404D1AD: init_macros() (preprocess.cpp:1112)
==126852==    by 0x40121AF: main (main.cpp:745)
==126852== 
==126852== 112 bytes in 1 blocks are indirectly lost in loss record 64 of 195
==126852==    at 0x4907093: operator new(unsigned long) (vg_replace_malloc.c:487)
==126852==    by 0x40694A0: new_file(std::__cxx11::basic_string<char, std::char_traits<char>, std::allocator<char> >, int, std::__cxx11::basic_string<char, std::char_traits<char>, std::allocator<char> > const&) (tokenize.cpp:659)
==126852==    by 0x404B2C3: define_macro(std::__cxx11::basic_string<char, std::char_traits<char>, std::allocator<char> > const&, std::__cxx11::basic_string<char, std::char_traits<char>, std::allocator<char> > const&) (preprocess.cpp:1008)
==126852==    by 0x404D258: init_macros() (preprocess.cpp:1113)
==126852==    by 0x40121AF: main (main.cpp:745)
==126852== 
==126852== 112 bytes in 1 blocks are indirectly lost in loss record 65 of 195
==126852==    at 0x4907093: operator new(unsigned long) (vg_replace_malloc.c:487)
==126852==    by 0x40694A0: new_file(std::__cxx11::basic_string<char, std::char_traits<char>, std::allocator<char> >, int, std::__cxx11::basic_string<char, std::char_traits<char>, std::allocator<char> > const&) (tokenize.cpp:659)
==126852==    by 0x404B2C3: define_macro(std::__cxx11::basic_string<char, std::char_traits<char>, std::allocator<char> > const&, std::__cxx11::basic_string<char, std::char_traits<char>, std::allocator<char> > const&) (preprocess.cpp:1008)
==126852==    by 0x404D303: init_macros() (preprocess.cpp:1114)
==126852==    by 0x40121AF: main (main.cpp:745)
==126852== 
==126852== 112 bytes in 1 blocks are indirectly lost in loss record 66 of 195
==126852==    at 0x4907093: operator new(unsigned long) (vg_replace_malloc.c:487)
==126852==    by 0x40694A0: new_file(std::__cxx11::basic_string<char, std::char_traits<char>, std::allocator<char> >, int, std::__cxx11::basic_string<char, std::char_traits<char>, std::allocator<char> > const&) (tokenize.cpp:659)
==126852==    by 0x404B2C3: define_macro(std::__cxx11::basic_string<char, std::char_traits<char>, std::allocator<char> > const&, std::__cxx11::basic_string<char, std::char_traits<char>, std::allocator<char> > const&) (preprocess.cpp:1008)
==126852==    by 0x404D3AE: init_macros() (preprocess.cpp:1115)
==126852==    by 0x40121AF: main (main.cpp:745)
==126852== 
==126852== 112 bytes in 1 blocks are indirectly lost in loss record 67 of 195
==126852==    at 0x4907093: operator new(unsigned long) (vg_replace_malloc.c:487)
==126852==    by 0x40694A0: new_file(std::__cxx11::basic_string<char, std::char_traits<char>, std::allocator<char> >, int, std::__cxx11::basic_string<char, std::char_traits<char>, std::allocator<char> > const&) (tokenize.cpp:659)
==126852==    by 0x404B2C3: define_macro(std::__cxx11::basic_string<char, std::char_traits<char>, std::allocator<char> > const&, std::__cxx11::basic_string<char, std::char_traits<char>, std::allocator<char> > const&) (preprocess.cpp:1008)
==126852==    by 0x404D616: init_macros() (preprocess.cpp:1123)
==126852==    by 0x40121AF: main (main.cpp:745)
==126852== 
==126852== 176 bytes in 1 blocks are indirectly lost in loss record 68 of 195
==126852==    at 0x4907093: operator new(unsigned long) (vg_replace_malloc.c:487)
==126852==    by 0x4068C6E: new_token(TokenKind, std::basic_string_view<char, std::char_traits<char> >, int) (tokenize.cpp:79)
==126852==    by 0x4067B03: tokenize(File*) (tokenize.cpp:523)
==126852==    by 0x404B2D2: define_macro(std::__cxx11::basic_string<char, std::char_traits<char>, std::allocator<char> > const&, std::__cxx11::basic_string<char, std::char_traits<char>, std::allocator<char> > const&) (preprocess.cpp:1008)
==126852==    by 0x404B9B0: init_macros() (preprocess.cpp:1076)
==126852==    by 0x40121AF: main (main.cpp:745)
==126852== 
==126852== 176 bytes in 1 blocks are indirectly lost in loss record 69 of 195
==126852==    at 0x4907093: operator new(unsigned long) (vg_replace_malloc.c:487)
==126852==    by 0x4068C6E: new_token(TokenKind, std::basic_string_view<char, std::char_traits<char> >, int) (tokenize.cpp:79)
==126852==    by 0x4068B38: tokenize(File*) (tokenize.cpp:612)
==126852==    by 0x404B2D2: define_macro(std::__cxx11::basic_string<char, std::char_traits<char>, std::allocator<char> > const&, std::__cxx11::basic_string<char, std::char_traits<char>, std::allocator<char> > const&) (preprocess.cpp:1008)
==126852==    by 0x404B9B0: init_macros() (preprocess.cpp:1076)
==126852==    by 0x40121AF: main (main.cpp:745)
==126852== 
==126852== 176 bytes in 1 blocks are indirectly lost in loss record 70 of 195
==126852==    at 0x4907093: operator new(unsigned long) (vg_replace_malloc.c:487)
==126852==    by 0x4068C6E: new_token(TokenKind, std::basic_string_view<char, std::char_traits<char> >, int) (tokenize.cpp:79)
==126852==    by 0x4067B03: tokenize(File*) (tokenize.cpp:523)
==126852==    by 0x404B2D2: define_macro(std::__cxx11::basic_string<char, std::char_traits<char>, std::allocator<char> > const&, std::__cxx11::basic_string<char, std::char_traits<char>, std::allocator<char> > const&) (preprocess.cpp:1008)
==126852==    by 0x404BA4F: init_macros() (preprocess.cpp:1077)
==126852==    by 0x40121AF: main (main.cpp:745)
==126852== 
==126852== 176 bytes in 1 blocks are indirectly lost in loss record 71 of 195
==126852==    at 0x4907093: operator new(unsigned long) (vg_replace_malloc.c:487)
==126852==    by 0x4068C6E: new_token(TokenKind, std::basic_string_view<char, std::char_traits<char> >, int) (tokenize.cpp:79)
==126852==    by 0x4068B38: tokenize(File*) (tokenize.cpp:612)
==126852==    by 0x404B2D2: define_macro(std::__cxx11::basic_string<char, std::char_traits<char>, std::allocator<char> > const&, std::__cxx11::basic_string<char, std::char_traits<char>, std::allocator<char> > const&) (preprocess.cpp:1008)
==126852==    by 0x404BA4F: init_macros() (preprocess.cpp:1077)
==126852==    by 0x40121AF: main (main.cpp:745)
==126852== 
==126852== 176 bytes in 1 blocks are indirectly lost in loss record 72 of 195
==126852==    at 0x4907093: operator new(unsigned long) (vg_replace_malloc.c:487)
==126852==    by 0x4068C6E: new_token(TokenKind, std::basic_string_view<char, std::char_traits<char> >, int) (tokenize.cpp:79)
==126852==    by 0x4067B03: tokenize(File*) (tokenize.cpp:523)
==126852==    by 0x404B2D2: define_macro(std::__cxx11::basic_string<char, std::char_traits<char>, std::allocator<char> > const&, std::__cxx11::basic_string<char, std::char_traits<char>, std::allocator<char> > const&) (preprocess.cpp:1008)
==126852==    by 0x404BAF7: init_macros() (preprocess.cpp:1078)
==126852==    by 0x40121AF: main (main.cpp:745)
==126852== 
==126852== 176 bytes in 1 blocks are indirectly lost in loss record 73 of 195
==126852==    at 0x4907093: operator new(unsigned long) (vg_replace_malloc.c:487)
==126852==    by 0x4068C6E: new_token(TokenKind, std::basic_string_view<char, std::char_traits<char> >, int) (tokenize.cpp:79)
==126852==    by 0x4068B38: tokenize(File*) (tokenize.cpp:612)
==126852==    by 0x404B2D2: define_macro(std::__cxx11::basic_string<char, std::char_traits<char>, std::allocator<char> > const&, std::__cxx11::basic_string<char, std::char_traits<char>, std::allocator<char> > const&) (preprocess.cpp:1008)
==126852==    by 0x404BAF7: init_macros() (preprocess.cpp:1078)
==126852==    by 0x40121AF: main (main.cpp:745)
==126852== 
==126852== 176 bytes in 1 blocks are indirectly lost in loss record 74 of 195
==126852==    at 0x4907093: operator new(unsigned long) (vg_replace_malloc.c:487)
==126852==    by 0x4068C6E: new_token(TokenKind, std::basic_string_view<char, std::char_traits<char> >, int) (tokenize.cpp:79)
==126852==    by 0x4067B03: tokenize(File*) (tokenize.cpp:523)
==126852==    by 0x404B2D2: define_macro(std::__cxx11::basic_string<char, std::char_traits<char>, std::allocator<char> > const&, std::__cxx11::basic_string<char, std::char_traits<char>, std::allocator<char> > const&) (preprocess.cpp:1008)
==126852==    by 0x404BBA2: init_macros() (preprocess.cpp:1079)
==126852==    by 0x40121AF: main (main.cpp:745)
==126852== 
==126852== 176 bytes in 1 blocks are indirectly lost in loss record 75 of 195
==126852==    at 0x4907093: operator new(unsigned long) (vg_replace_malloc.c:487)
==126852==    by 0x4068C6E: new_token(TokenKind, std::basic_string_view<char, std::char_traits<char> >, int) (tokenize.cpp:79)
==126852==    by 0x4068B38: tokenize(File*) (tokenize.cpp:612)
==126852==    by 0x404B2D2: define_macro(std::__cxx11::basic_string<char, std::char_traits<char>, std::allocator<char> > const&, std::__cxx11::basic_string<char, std::char_traits<char>, std::allocator<char> > const&) (preprocess.cpp:1008)
==126852==    by 0x404BBA2: init_macros() (preprocess.cpp:1079)
==126852==    by 0x40121AF: main (main.cpp:745)
==126852== 
==126852== 176 bytes in 1 blocks are indirectly lost in loss record 76 of 195
==126852==    at 0x4907093: operator new(unsigned long) (vg_replace_malloc.c:487)
==126852==    by 0x4068C6E: new_token(TokenKind, std::basic_string_view<char, std::char_traits<char> >, int) (tokenize.cpp:79)
==126852==    by 0x4067B03: tokenize(File*) (tokenize.cpp:523)
==126852==    by 0x404B2D2: define_macro(std::__cxx11::basic_string<char, std::char_traits<char>, std::allocator<char> > const&, std::__cxx11::basic_string<char, std::char_traits<char>, std::allocator<char> > const&) (preprocess.cpp:1008)
==126852==    by 0x404BC4D: init_macros() (preprocess.cpp:1080)
==126852==    by 0x40121AF: main (main.cpp:745)
==126852== 
==126852== 176 bytes in 1 blocks are indirectly lost in loss record 77 of 195
==126852==    at 0x4907093: operator new(unsigned long) (vg_replace_malloc.c:487)
==126852==    by 0x4068C6E: new_token(TokenKind, std::basic_string_view<char, std::char_traits<char> >, int) (tokenize.cpp:79)
==126852==    by 0x4068B38: tokenize(File*) (tokenize.cpp:612)
==126852==    by 0x404B2D2: define_macro(std::__cxx11::basic_string<char, std::char_traits<char>, std::allocator<char> > const&, std::__cxx11::basic_string<char, std::char_traits<char>, std::allocator<char> > const&) (preprocess.cpp:1008)
==126852==    by 0x404BC4D: init_macros() (preprocess.cpp:1080)
==126852==    by 0x40121AF: main (main.cpp:745)
==126852== 
==126852== 176 bytes in 1 blocks are indirectly lost in loss record 78 of 195
==126852==    at 0x4907093: operator new(unsigned long) (vg_replace_malloc.c:487)
==126852==    by 0x4068C6E: new_token(TokenKind, std::basic_string_view<char, std::char_traits<char> >, int) (tokenize.cpp:79)
==126852==    by 0x4067B03: tokenize(File*) (tokenize.cpp:523)
==126852==    by 0x404B2D2: define_macro(std::__cxx11::basic_string<char, std::char_traits<char>, std::allocator<char> > const&, std::__cxx11::basic_string<char, std::char_traits<char>, std::allocator<char> > const&) (preprocess.cpp:1008)
==126852==    by 0x404BCF8: init_macros() (preprocess.cpp:1081)
==126852==    by 0x40121AF: main (main.cpp:745)
==126852== 
==126852== 176 bytes in 1 blocks are indirectly lost in loss record 79 of 195
==126852==    at 0x4907093: operator new(unsigned long) (vg_replace_malloc.c:487)
==126852==    by 0x4068C6E: new_token(TokenKind, std::basic_string_view<char, std::char_traits<char> >, int) (tokenize.cpp:79)
==126852==    by 0x4068B38: tokenize(File*) (tokenize.cpp:612)
==126852==    by 0x404B2D2: define_macro(std::__cxx11::basic_string<char, std::char_traits<char>, std::allocator<char> > const&, std::__cxx11::basic_string<char, std::char_traits<char>, std::allocator<char> > const&) (preprocess.cpp:1008)
==126852==    by 0x404BCF8: init_macros() (preprocess.cpp:1081)
==126852==    by 0x40121AF: main (main.cpp:745)
==126852== 
==126852== 176 bytes in 1 blocks are indirectly lost in loss record 80 of 195
==126852==    at 0x4907093: operator new(unsigned long) (vg_replace_malloc.c:487)
==126852==    by 0x4068C6E: new_token(TokenKind, std::basic_string_view<char, std::char_traits<char> >, int) (tokenize.cpp:79)
==126852==    by 0x4067B03: tokenize(File*) (tokenize.cpp:523)
==126852==    by 0x404B2D2: define_macro(std::__cxx11::basic_string<char, std::char_traits<char>, std::allocator<char> > const&, std::__cxx11::basic_string<char, std::char_traits<char>, std::allocator<char> > const&) (preprocess.cpp:1008)
==126852==    by 0x404BDA3: init_macros() (preprocess.cpp:1082)
==126852==    by 0x40121AF: main (main.cpp:745)
==126852== 
==126852== 176 bytes in 1 blocks are indirectly lost in loss record 81 of 195
==126852==    at 0x4907093: operator new(unsigned long) (vg_replace_malloc.c:487)
==126852==    by 0x4068C6E: new_token(TokenKind, std::basic_string_view<char, std::char_traits<char> >, int) (tokenize.cpp:79)
==126852==    by 0x4068B38: tokenize(File*) (tokenize.cpp:612)
==126852==    by 0x404B2D2: define_macro(std::__cxx11::basic_string<char, std::char_traits<char>, std::allocator<char> > const&, std::__cxx11::basic_string<char, std::char_traits<char>, std::allocator<char> > const&) (preprocess.cpp:1008)
==126852==    by 0x404BDA3: init_macros() (preprocess.cpp:1082)
==126852==    by 0x40121AF: main (main.cpp:745)
==126852== 
==126852== 176 bytes in 1 blocks are indirectly lost in loss record 82 of 195
==126852==    at 0x4907093: operator new(unsigned long) (vg_replace_malloc.c:487)
==126852==    by 0x4068C6E: new_token(TokenKind, std::basic_string_view<char, std::char_traits<char> >, int) (tokenize.cpp:79)
==126852==    by 0x4067B03: tokenize(File*) (tokenize.cpp:523)
==126852==    by 0x404B2D2: define_macro(std::__cxx11::basic_string<char, std::char_traits<char>, std::allocator<char> > const&, std::__cxx11::basic_string<char, std::char_traits<char>, std::allocator<char> > const&) (preprocess.cpp:1008)
==126852==    by 0x404BE4E: init_macros() (preprocess.cpp:1083)
==126852==    by 0x40121AF: main (main.cpp:745)
==126852== 
==126852== 176 bytes in 1 blocks are indirectly lost in loss record 83 of 195
==126852==    at 0x4907093: operator new(unsigned long) (vg_replace_malloc.c:487)
==126852==    by 0x4068C6E: new_token(TokenKind, std::basic_string_view<char, std::char_traits<char> >, int) (tokenize.cpp:79)
==126852==    by 0x4068B38: tokenize(File*) (tokenize.cpp:612)
==126852==    by 0x404B2D2: define_macro(std::__cxx11::basic_string<char, std::char_traits<char>, std::allocator<char> > const&, std::__cxx11::basic_string<char, std::char_traits<char>, std::allocator<char> > const&) (preprocess.cpp:1008)
==126852==    by 0x404BE4E: init_macros() (preprocess.cpp:1083)
==126852==    by 0x40121AF: main (main.cpp:745)
==126852== 
==126852== 176 bytes in 1 blocks are indirectly lost in loss record 84 of 195
==126852==    at 0x4907093: operator new(unsigned long) (vg_replace_malloc.c:487)
==126852==    by 0x4068C6E: new_token(TokenKind, std::basic_string_view<char, std::char_traits<char> >, int) (tokenize.cpp:79)
==126852==    by 0x4067B03: tokenize(File*) (tokenize.cpp:523)
==126852==    by 0x404B2D2: define_macro(std::__cxx11::basic_string<char, std::char_traits<char>, std::allocator<char> > const&, std::__cxx11::basic_string<char, std::char_traits<char>, std::allocator<char> > const&) (preprocess.cpp:1008)
==126852==    by 0x404BEF9: init_macros() (preprocess.cpp:1084)
==126852==    by 0x40121AF: main (main.cpp:745)
==126852== 
==126852== 176 bytes in 1 blocks are indirectly lost in loss record 85 of 195
==126852==    at 0x4907093: operator new(unsigned long) (vg_replace_malloc.c:487)
==126852==    by 0x4068C6E: new_token(TokenKind, std::basic_string_view<char, std::char_traits<char> >, int) (tokenize.cpp:79)
==126852==    by 0x4068B38: tokenize(File*) (tokenize.cpp:612)
==126852==    by 0x404B2D2: define_macro(std::__cxx11::basic_string<char, std::char_traits<char>, std::allocator<char> > const&, std::__cxx11::basic_string<char, std::char_traits<char>, std::allocator<char> > const&) (preprocess.cpp:1008)
==126852==    by 0x404BEF9: init_macros() (preprocess.cpp:1084)
==126852==    by 0x40121AF: main (main.cpp:745)
==126852== 
==126852== 176 bytes in 1 blocks are indirectly lost in loss record 86 of 195
==126852==    at 0x4907093: operator new(unsigned long) (vg_replace_malloc.c:487)
==126852==    by 0x4068C6E: new_token(TokenKind, std::basic_string_view<char, std::char_traits<char> >, int) (tokenize.cpp:79)
==126852==    by 0x4067B03: tokenize(File*) (tokenize.cpp:523)
==126852==    by 0x404B2D2: define_macro(std::__cxx11::basic_string<char, std::char_traits<char>, std::allocator<char> > const&, std::__cxx11::basic_string<char, std::char_traits<char>, std::allocator<char> > const&) (preprocess.cpp:1008)
==126852==    by 0x404BFA4: init_macros() (preprocess.cpp:1085)
==126852==    by 0x40121AF: main (main.cpp:745)
==126852== 
==126852== 176 bytes in 1 blocks are indirectly lost in loss record 87 of 195
==126852==    at 0x4907093: operator new(unsigned long) (vg_replace_malloc.c:487)
==126852==    by 0x4068C6E: new_token(TokenKind, std::basic_string_view<char, std::char_traits<char> >, int) (tokenize.cpp:79)
==126852==    by 0x4068B38: tokenize(File*) (tokenize.cpp:612)
==126852==    by 0x404B2D2: define_macro(std::__cxx11::basic_string<char, std::char_traits<char>, std::allocator<char> > const&, std::__cxx11::basic_string<char, std::char_traits<char>, std::allocator<char> > const&) (preprocess.cpp:1008)
==126852==    by 0x404BFA4: init_macros() (preprocess.cpp:1085)
==126852==    by 0x40121AF: main (main.cpp:745)
==126852== 
==126852== 176 bytes in 1 blocks are indirectly lost in loss record 88 of 195
==126852==    at 0x4907093: operator new(unsigned long) (vg_replace_malloc.c:487)
==126852==    by 0x4068C6E: new_token(TokenKind, std::basic_string_view<char, std::char_traits<char> >, int) (tokenize.cpp:79)
==126852==    by 0x4067B03: tokenize(File*) (tokenize.cpp:523)
==126852==    by 0x404B2D2: define_macro(std::__cxx11::basic_string<char, std::char_traits<char>, std::allocator<char> > const&, std::__cxx11::basic_string<char, std::char_traits<char>, std::allocator<char> > const&) (preprocess.cpp:1008)
==126852==    by 0x404C04F: init_macros() (preprocess.cpp:1086)
==126852==    by 0x40121AF: main (main.cpp:745)
==126852== 
==126852== 176 bytes in 1 blocks are indirectly lost in loss record 89 of 195
==126852==    at 0x4907093: operator new(unsigned long) (vg_replace_malloc.c:487)
==126852==    by 0x4068C6E: new_token(TokenKind, std::basic_string_view<char, std::char_traits<char> >, int) (tokenize.cpp:79)
==126852==    by 0x4068B38: tokenize(File*) (tokenize.cpp:612)
==126852==    by 0x404B2D2: define_macro(std::__cxx11::basic_string<char, std::char_traits<char>, std::allocator<char> > const&, std::__cxx11::basic_string<char, std::char_traits<char>, std::allocator<char> > const&) (preprocess.cpp:1008)
==126852==    by 0x404C04F: init_macros() (preprocess.cpp:1086)
==126852==    by 0x40121AF: main (main.cpp:745)
==126852== 
==126852== 176 bytes in 1 blocks are indirectly lost in loss record 90 of 195
==126852==    at 0x4907093: operator new(unsigned long) (vg_replace_malloc.c:487)
==126852==    by 0x4068C6E: new_token(TokenKind, std::basic_string_view<char, std::char_traits<char> >, int) (tokenize.cpp:79)
==126852==    by 0x4067B03: tokenize(File*) (tokenize.cpp:523)
==126852==    by 0x404B2D2: define_macro(std::__cxx11::basic_string<char, std::char_traits<char>, std::allocator<char> > const&, std::__cxx11::basic_string<char, std::char_traits<char>, std::allocator<char> > const&) (preprocess.cpp:1008)
==126852==    by 0x404C0FA: init_macros() (preprocess.cpp:1087)
==126852==    by 0x40121AF: main (main.cpp:745)
==126852== 
==126852== 176 bytes in 1 blocks are indirectly lost in loss record 91 of 195
==126852==    at 0x4907093: operator new(unsigned long) (vg_replace_malloc.c:487)
==126852==    by 0x4068C6E: new_token(TokenKind, std::basic_string_view<char, std::char_traits<char> >, int) (tokenize.cpp:79)
==126852==    by 0x4068B38: tokenize(File*) (tokenize.cpp:612)
==126852==    by 0x404B2D2: define_macro(std::__cxx11::basic_string<char, std::char_traits<char>, std::allocator<char> > const&, std::__cxx11::basic_string<char, std::char_traits<char>, std::allocator<char> > const&) (preprocess.cpp:1008)
==126852==    by 0x404C0FA: init_macros() (preprocess.cpp:1087)
==126852==    by 0x40121AF: main (main.cpp:745)
==126852== 
==126852== 176 bytes in 1 blocks are indirectly lost in loss record 92 of 195
==126852==    at 0x4907093: operator new(unsigned long) (vg_replace_malloc.c:487)
==126852==    by 0x4068C6E: new_token(TokenKind, std::basic_string_view<char, std::char_traits<char> >, int) (tokenize.cpp:79)
==126852==    by 0x4067B03: tokenize(File*) (tokenize.cpp:523)
==126852==    by 0x404B2D2: define_macro(std::__cxx11::basic_string<char, std::char_traits<char>, std::allocator<char> > const&, std::__cxx11::basic_string<char, std::char_traits<char>, std::allocator<char> > const&) (preprocess.cpp:1008)
==126852==    by 0x404C1A5: init_macros() (preprocess.cpp:1088)
==126852==    by 0x40121AF: main (main.cpp:745)
==126852== 
==126852== 176 bytes in 1 blocks are indirectly lost in loss record 93 of 195
==126852==    at 0x4907093: operator new(unsigned long) (vg_replace_malloc.c:487)
==126852==    by 0x4068C6E: new_token(TokenKind, std::basic_string_view<char, std::char_traits<char> >, int) (tokenize.cpp:79)
==126852==    by 0x4068B38: tokenize(File*) (tokenize.cpp:612)
==126852==    by 0x404B2D2: define_macro(std::__cxx11::basic_string<char, std::char_traits<char>, std::allocator<char> > const&, std::__cxx11::basic_string<char, std::char_traits<char>, std::allocator<char> > const&) (preprocess.cpp:1008)
==126852==    by 0x404C1A5: init_macros() (preprocess.cpp:1088)
==126852==    by 0x40121AF: main (main.cpp:745)
==126852== 
==126852== 176 bytes in 1 blocks are indirectly lost in loss record 94 of 195
==126852==    at 0x4907093: operator new(unsigned long) (vg_replace_malloc.c:487)
==126852==    by 0x4068C6E: new_token(TokenKind, std::basic_string_view<char, std::char_traits<char> >, int) (tokenize.cpp:79)
==126852==    by 0x4067B03: tokenize(File*) (tokenize.cpp:523)
==126852==    by 0x404B2D2: define_macro(std::__cxx11::basic_string<char, std::char_traits<char>, std::allocator<char> > const&, std::__cxx11::basic_string<char, std::char_traits<char>, std::allocator<char> > const&) (preprocess.cpp:1008)
==126852==    by 0x404C250: init_macros() (preprocess.cpp:1089)
==126852==    by 0x40121AF: main (main.cpp:745)
==126852== 
==126852== 176 bytes in 1 blocks are indirectly lost in loss record 95 of 195
==126852==    at 0x4907093: operator new(unsigned long) (vg_replace_malloc.c:487)
==126852==    by 0x4068C6E: new_token(TokenKind, std::basic_string_view<char, std::char_traits<char> >, int) (tokenize.cpp:79)
==126852==    by 0x4068B38: tokenize(File*) (tokenize.cpp:612)
==126852==    by 0x404B2D2: define_macro(std::__cxx11::basic_string<char, std::char_traits<char>, std::allocator<char> > const&, std::__cxx11::basic_string<char, std::char_traits<char>, std::allocator<char> > const&) (preprocess.cpp:1008)
==126852==    by 0x404C250: init_macros() (preprocess.cpp:1089)
==126852==    by 0x40121AF: main (main.cpp:745)
==126852== 
==126852== 176 bytes in 1 blocks are indirectly lost in loss record 96 of 195
==126852==    at 0x4907093: operator new(unsigned long) (vg_replace_malloc.c:487)
==126852==    by 0x4068C6E: new_token(TokenKind, std::basic_string_view<char, std::char_traits<char> >, int) (tokenize.cpp:79)
==126852==    by 0x4068B38: tokenize(File*) (tokenize.cpp:612)
==126852==    by 0x404B2D2: define_macro(std::__cxx11::basic_string<char, std::char_traits<char>, std::allocator<char> > const&, std::__cxx11::basic_string<char, std::char_traits<char>, std::allocator<char> > const&) (preprocess.cpp:1008)
==126852==    by 0x404C2FB: init_macros() (preprocess.cpp:1090)
==126852==    by 0x40121AF: main (main.cpp:745)
==126852== 
==126852== 176 bytes in 1 blocks are indirectly lost in loss record 97 of 195
==126852==    at 0x4907093: operator new(unsigned long) (vg_replace_malloc.c:487)
==126852==    by 0x4068C6E: new_token(TokenKind, std::basic_string_view<char, std::char_traits<char> >, int) (tokenize.cpp:79)
==126852==    by 0x4067B03: tokenize(File*) (tokenize.cpp:523)
==126852==    by 0x404B2D2: define_macro(std::__cxx11::basic_string<char, std::char_traits<char>, std::allocator<char> > const&, std::__cxx11::basic_string<char, std::char_traits<char>, std::allocator<char> > const&) (preprocess.cpp:1008)
==126852==    by 0x404C3A6: init_macros() (preprocess.cpp:1091)
==126852==    by 0x40121AF: main (main.cpp:745)
==126852== 
==126852== 176 bytes in 1 blocks are indirectly lost in loss record 98 of 195
==126852==    at 0x4907093: operator new(unsigned long) (vg_replace_malloc.c:487)
==126852==    by 0x4068C6E: new_token(TokenKind, std::basic_string_view<char, std::char_traits<char> >, int) (tokenize.cpp:79)
==126852==    by 0x4068B38: tokenize(File*) (tokenize.cpp:612)
==126852==    by 0x404B2D2: define_macro(std::__cxx11::basic_string<char, std::char_traits<char>, std::allocator<char> > const&, std::__cxx11::basic_string<char, std::char_traits<char>, std::allocator<char> > const&) (preprocess.cpp:1008)
==126852==    by 0x404C3A6: init_macros() (preprocess.cpp:1091)
==126852==    by 0x40121AF: main (main.cpp:745)
==126852== 
==126852== 176 bytes in 1 blocks are indirectly lost in loss record 99 of 195
==126852==    at 0x4907093: operator new(unsigned long) (vg_replace_malloc.c:487)
==126852==    by 0x4068C6E: new_token(TokenKind, std::basic_string_view<char, std::char_traits<char> >, int) (tokenize.cpp:79)
==126852==    by 0x4067B03: tokenize(File*) (tokenize.cpp:523)
==126852==    by 0x404B2D2: define_macro(std::__cxx11::basic_string<char, std::char_traits<char>, std::allocator<char> > const&, std::__cxx11::basic_string<char, std::char_traits<char>, std::allocator<char> > const&) (preprocess.cpp:1008)
==126852==    by 0x404C451: init_macros() (preprocess.cpp:1092)
==126852==    by 0x40121AF: main (main.cpp:745)
==126852== 
==126852== 176 bytes in 1 blocks are indirectly lost in loss record 100 of 195
==126852==    at 0x4907093: operator new(unsigned long) (vg_replace_malloc.c:487)
==126852==    by 0x4068C6E: new_token(TokenKind, std::basic_string_view<char, std::char_traits<char> >, int) (tokenize.cpp:79)
==126852==    by 0x4068B38: tokenize(File*) (tokenize.cpp:612)
==126852==    by 0x404B2D2: define_macro(std::__cxx11::basic_string<char, std::char_traits<char>, std::allocator<char> > const&, std::__cxx11::basic_string<char, std::char_traits<char>, std::allocator<char> > const&) (preprocess.cpp:1008)
==126852==    by 0x404C451: init_macros() (preprocess.cpp:1092)
==126852==    by 0x40121AF: main (main.cpp:745)
==126852== 
==126852== 176 bytes in 1 blocks are indirectly lost in loss record 101 of 195
==126852==    at 0x4907093: operator new(unsigned long) (vg_replace_malloc.c:487)
==126852==    by 0x4068C6E: new_token(TokenKind, std::basic_string_view<char, std::char_traits<char> >, int) (tokenize.cpp:79)
==126852==    by 0x4067B03: tokenize(File*) (tokenize.cpp:523)
==126852==    by 0x404B2D2: define_macro(std::__cxx11::basic_string<char, std::char_traits<char>, std::allocator<char> > const&, std::__cxx11::basic_string<char, std::char_traits<char>, std::allocator<char> > const&) (preprocess.cpp:1008)
==126852==    by 0x404C4FC: init_macros() (preprocess.cpp:1093)
==126852==    by 0x40121AF: main (main.cpp:745)
==126852== 
==126852== 176 bytes in 1 blocks are indirectly lost in loss record 102 of 195
==126852==    at 0x4907093: operator new(unsigned long) (vg_replace_malloc.c:487)
==126852==    by 0x4068C6E: new_token(TokenKind, std::basic_string_view<char, std::char_traits<char> >, int) (tokenize.cpp:79)
==126852==    by 0x4068B38: tokenize(File*) (tokenize.cpp:612)
==126852==    by 0x404B2D2: define_macro(std::__cxx11::basic_string<char, std::char_traits<char>, std::allocator<char> > const&, std::__cxx11::basic_string<char, std::char_traits<char>, std::allocator<char> > const&) (preprocess.cpp:1008)
==126852==    by 0x404C4FC: init_macros() (preprocess.cpp:1093)
==126852==    by 0x40121AF: main (main.cpp:745)
==126852== 
==126852== 176 bytes in 1 blocks are indirectly lost in loss record 103 of 195
==126852==    at 0x4907093: operator new(unsigned long) (vg_replace_malloc.c:487)
==126852==    by 0x4068C6E: new_token(TokenKind, std::basic_string_view<char, std::char_traits<char> >, int) (tokenize.cpp:79)
==126852==    by 0x4067B03: tokenize(File*) (tokenize.cpp:523)
==126852==    by 0x404B2D2: define_macro(std::__cxx11::basic_string<char, std::char_traits<char>, std::allocator<char> > const&, std::__cxx11::basic_string<char, std::char_traits<char>, std::allocator<char> > const&) (preprocess.cpp:1008)
==126852==    by 0x404C5A7: init_macros() (preprocess.cpp:1094)
==126852==    by 0x40121AF: main (main.cpp:745)
==126852== 
==126852== 176 bytes in 1 blocks are indirectly lost in loss record 104 of 195
==126852==    at 0x4907093: operator new(unsigned long) (vg_replace_malloc.c:487)
==126852==    by 0x4068C6E: new_token(TokenKind, std::basic_string_view<char, std::char_traits<char> >, int) (tokenize.cpp:79)
==126852==    by 0x4068B38: tokenize(File*) (tokenize.cpp:612)
==126852==    by 0x404B2D2: define_macro(std::__cxx11::basic_string<char, std::char_traits<char>, std::allocator<char> > const&, std::__cxx11::basic_string<char, std::char_traits<char>, std::allocator<char> > const&) (preprocess.cpp:1008)
==126852==    by 0x404C5A7: init_macros() (preprocess.cpp:1094)
==126852==    by 0x40121AF: main (main.cpp:745)
==126852== 
==126852== 176 bytes in 1 blocks are indirectly lost in loss record 105 of 195
==126852==    at 0x4907093: operator new(unsigned long) (vg_replace_malloc.c:487)
==126852==    by 0x4068C6E: new_token(TokenKind, std::basic_string_view<char, std::char_traits<char> >, int) (tokenize.cpp:79)
==126852==    by 0x4067B03: tokenize(File*) (tokenize.cpp:523)
==126852==    by 0x404B2D2: define_macro(std::__cxx11::basic_string<char, std::char_traits<char>, std::allocator<char> > const&, std::__cxx11::basic_string<char, std::char_traits<char>, std::allocator<char> > const&) (preprocess.cpp:1008)
==126852==    by 0x404C652: init_macros() (preprocess.cpp:1095)
==126852==    by 0x40121AF: main (main.cpp:745)
==126852== 
==126852== 176 bytes in 1 blocks are indirectly lost in loss record 106 of 195
==126852==    at 0x4907093: operator new(unsigned long) (vg_replace_malloc.c:487)
==126852==    by 0x4068C6E: new_token(TokenKind, std::basic_string_view<char, std::char_traits<char> >, int) (tokenize.cpp:79)
==126852==    by 0x4068B38: tokenize(File*) (tokenize.cpp:612)
==126852==    by 0x404B2D2: define_macro(std::__cxx11::basic_string<char, std::char_traits<char>, std::allocator<char> > const&, std::__cxx11::basic_string<char, std::char_traits<char>, std::allocator<char> > const&) (preprocess.cpp:1008)
==126852==    by 0x404C652: init_macros() (preprocess.cpp:1095)
==126852==    by 0x40121AF: main (main.cpp:745)
==126852== 
==126852== 176 bytes in 1 blocks are indirectly lost in loss record 107 of 195
==126852==    at 0x4907093: operator new(unsigned long) (vg_replace_malloc.c:487)
==126852==    by 0x4068C6E: new_token(TokenKind, std::basic_string_view<char, std::char_traits<char> >, int) (tokenize.cpp:79)
==126852==    by 0x4067B03: tokenize(File*) (tokenize.cpp:523)
==126852==    by 0x404B2D2: define_macro(std::__cxx11::basic_string<char, std::char_traits<char>, std::allocator<char> > const&, std::__cxx11::basic_string<char, std::char_traits<char>, std::allocator<char> > const&) (preprocess.cpp:1008)
==126852==    by 0x404C6FD: init_macros() (preprocess.cpp:1096)
==126852==    by 0x40121AF: main (main.cpp:745)
==126852== 
==126852== 176 bytes in 1 blocks are indirectly lost in loss record 108 of 195
==126852==    at 0x4907093: operator new(unsigned long) (vg_replace_malloc.c:487)
==126852==    by 0x4068C6E: new_token(TokenKind, std::basic_string_view<char, std::char_traits<char> >, int) (tokenize.cpp:79)
==126852==    by 0x4068B38: tokenize(File*) (tokenize.cpp:612)
==126852==    by 0x404B2D2: define_macro(std::__cxx11::basic_string<char, std::char_traits<char>, std::allocator<char> > const&, std::__cxx11::basic_string<char, std::char_traits<char>, std::allocator<char> > const&) (preprocess.cpp:1008)
==126852==    by 0x404C6FD: init_macros() (preprocess.cpp:1096)
==126852==    by 0x40121AF: main (main.cpp:745)
==126852== 
==126852== 176 bytes in 1 blocks are indirectly lost in loss record 109 of 195
==126852==    at 0x4907093: operator new(unsigned long) (vg_replace_malloc.c:487)
==126852==    by 0x4068C6E: new_token(TokenKind, std::basic_string_view<char, std::char_traits<char> >, int) (tokenize.cpp:79)
==126852==    by 0x4068B38: tokenize(File*) (tokenize.cpp:612)
==126852==    by 0x404B2D2: define_macro(std::__cxx11::basic_string<char, std::char_traits<char>, std::allocator<char> > const&, std::__cxx11::basic_string<char, std::char_traits<char>, std::allocator<char> > const&) (preprocess.cpp:1008)
==126852==    by 0x404C7A8: init_macros() (preprocess.cpp:1097)
==126852==    by 0x40121AF: main (main.cpp:745)
==126852== 
==126852== 176 bytes in 1 blocks are indirectly lost in loss record 110 of 195
==126852==    at 0x4907093: operator new(unsigned long) (vg_replace_malloc.c:487)
==126852==    by 0x4068C6E: new_token(TokenKind, std::basic_string_view<char, std::char_traits<char> >, int) (tokenize.cpp:79)
==126852==    by 0x4068815: tokenize(File*) (tokenize.cpp:596)
==126852==    by 0x404B2D2: define_macro(std::__cxx11::basic_string<char, std::char_traits<char>, std::allocator<char> > const&, std::__cxx11::basic_string<char, std::char_traits<char>, std::allocator<char> > const&) (preprocess.cpp:1008)
==126852==    by 0x404C853: init_macros() (preprocess.cpp:1098)
==126852==    by 0x40121AF: main (main.cpp:745)
==126852== 
==126852== 176 bytes in 1 blocks are indirectly lost in loss record 111 of 195
==126852==    at 0x4907093: operator new(unsigned long) (vg_replace_malloc.c:487)
==126852==    by 0x4068C6E: new_token(TokenKind, std::basic_string_view<char, std::char_traits<char> >, int) (tokenize.cpp:79)
==126852==    by 0x4068B38: tokenize(File*) (tokenize.cpp:612)
==126852==    by 0x404B2D2: define_macro(std::__cxx11::basic_string<char, std::char_traits<char>, std::allocator<char> > const&, std::__cxx11::basic_string<char, std::char_traits<char>, std::allocator<char> > const&) (preprocess.cpp:1008)
==126852==    by 0x404C853: init_macros() (preprocess.cpp:1098)
==126852==    by 0x40121AF: main (main.cpp:745)
==126852== 
==126852== 176 bytes in 1 blocks are indirectly lost in loss record 112 of 195
==126852==    at 0x4907093: operator new(unsigned long) (vg_replace_malloc.c:487)
==126852==    by 0x4068C6E: new_token(TokenKind, std::basic_string_view<char, std::char_traits<char> >, int) (tokenize.cpp:79)
==126852==    by 0x4067B03: tokenize(File*) (tokenize.cpp:523)
==126852==    by 0x404B2D2: define_macro(std::__cxx11::basic_string<char, std::char_traits<char>, std::allocator<char> > const&, std::__cxx11::basic_string<char, std::char_traits<char>, std::allocator<char> > const&) (preprocess.cpp:1008)
==126852==    by 0x404C8FE: init_macros() (preprocess.cpp:1099)
==126852==    by 0x40121AF: main (main.cpp:745)
==126852== 
==126852== 176 bytes in 1 blocks are indirectly lost in loss record 113 of 195
==126852==    at 0x4907093: operator new(unsigned long) (vg_replace_malloc.c:487)
==126852==    by 0x4068C6E: new_token(TokenKind, std::basic_string_view<char, std::char_traits<char> >, int) (tokenize.cpp:79)
==126852==    by 0x4068B38: tokenize(File*) (tokenize.cpp:612)
==126852==    by 0x404B2D2: define_macro(std::__cxx11::basic_string<char, std::char_traits<char>, std::allocator<char> > const&, std::__cxx11::basic_string<char, std::char_traits<char>, std::allocator<char> > const&) (preprocess.cpp:1008)
==126852==    by 0x404C8FE: init_macros() (preprocess.cpp:1099)
==126852==    by 0x40121AF: main (main.cpp:745)
==126852== 
==126852== 176 bytes in 1 blocks are indirectly lost in loss record 114 of 195
==126852==    at 0x4907093: operator new(unsigned long) (vg_replace_malloc.c:487)
==126852==    by 0x4068C6E: new_token(TokenKind, std::basic_string_view<char, std::char_traits<char> >, int) (tokenize.cpp:79)
==126852==    by 0x4067B03: tokenize(File*) (tokenize.cpp:523)
==126852==    by 0x404B2D2: define_macro(std::__cxx11::basic_string<char, std::char_traits<char>, std::allocator<char> > const&, std::__cxx11::basic_string<char, std::char_traits<char>, std::allocator<char> > const&) (preprocess.cpp:1008)
==126852==    by 0x404C9A9: init_macros() (preprocess.cpp:1100)
==126852==    by 0x40121AF: main (main.cpp:745)
==126852== 
==126852== 176 bytes in 1 blocks are indirectly lost in loss record 115 of 195
==126852==    at 0x4907093: operator new(unsigned long) (vg_replace_malloc.c:487)
==126852==    by 0x4068C6E: new_token(TokenKind, std::basic_string_view<char, std::char_traits<char> >, int) (tokenize.cpp:79)
==126852==    by 0x4068B38: tokenize(File*) (tokenize.cpp:612)
==126852==    by 0x404B2D2: define_macro(std::__cxx11::basic_string<char, std::char_traits<char>, std::allocator<char> > const&, std::__cxx11::basic_string<char, std::char_traits<char>, std::allocator<char> > const&) (preprocess.cpp:1008)
==126852==    by 0x404C9A9: init_macros() (preprocess.cpp:1100)
==126852==    by 0x40121AF: main (main.cpp:745)
==126852== 
==126852== 176 bytes in 1 blocks are indirectly lost in loss record 116 of 195
==126852==    at 0x4907093: operator new(unsigned long) (vg_replace_malloc.c:487)
==126852==    by 0x4068C6E: new_token(TokenKind, std::basic_string_view<char, std::char_traits<char> >, int) (tokenize.cpp:79)
==126852==    by 0x4067B03: tokenize(File*) (tokenize.cpp:523)
==126852==    by 0x404B2D2: define_macro(std::__cxx11::basic_string<char, std::char_traits<char>, std::allocator<char> > const&, std::__cxx11::basic_string<char, std::char_traits<char>, std::allocator<char> > const&) (preprocess.cpp:1008)
==126852==    by 0x404CA54: init_macros() (preprocess.cpp:1101)
==126852==    by 0x40121AF: main (main.cpp:745)
==126852== 
==126852== 176 bytes in 1 blocks are indirectly lost in loss record 117 of 195
==126852==    at 0x4907093: operator new(unsigned long) (vg_replace_malloc.c:487)
==126852==    by 0x4068C6E: new_token(TokenKind, std::basic_string_view<char, std::char_traits<char> >, int) (tokenize.cpp:79)
==126852==    by 0x4068B38: tokenize(File*) (tokenize.cpp:612)
==126852==    by 0x404B2D2: define_macro(std::__cxx11::basic_string<char, std::char_traits<char>, std::allocator<char> > const&, std::__cxx11::basic_string<char, std::char_traits<char>, std::allocator<char> > const&) (preprocess.cpp:1008)
==126852==    by 0x404CA54: init_macros() (preprocess.cpp:1101)
==126852==    by 0x40121AF: main (main.cpp:745)
==126852== 
==126852== 176 bytes in 1 blocks are indirectly lost in loss record 118 of 195
==126852==    at 0x4907093: operator new(unsigned long) (vg_replace_malloc.c:487)
==126852==    by 0x4068C6E: new_token(TokenKind, std::basic_string_view<char, std::char_traits<char> >, int) (tokenize.cpp:79)
==126852==    by 0x4068815: tokenize(File*) (tokenize.cpp:596)
==126852==    by 0x404B2D2: define_macro(std::__cxx11::basic_string<char, std::char_traits<char>, std::allocator<char> > const&, std::__cxx11::basic_string<char, std::char_traits<char>, std::allocator<char> > const&) (preprocess.cpp:1008)
==126852==    by 0x404CAFF: init_macros() (preprocess.cpp:1102)
==126852==    by 0x40121AF: main (main.cpp:745)
==126852== 
==126852== 176 bytes in 1 blocks are indirectly lost in loss record 119 of 195
==126852==    at 0x4907093: operator new(unsigned long) (vg_replace_malloc.c:487)
==126852==    by 0x4068C6E: new_token(TokenKind, std::basic_string_view<char, std::char_traits<char> >, int) (tokenize.cpp:79)
==126852==    by 0x4068B38: tokenize(File*) (tokenize.cpp:612)
==126852==    by 0x404B2D2: define_macro(std::__cxx11::basic_string<char, std::char_traits<char>, std::allocator<char> > const&, std::__cxx11::basic_string<char, std::char_traits<char>, std::allocator<char> > const&) (preprocess.cpp:1008)
==126852==    by 0x404CAFF: init_macros() (preprocess.cpp:1102)
==126852==    by 0x40121AF: main (main.cpp:745)
==126852== 
==126852== 176 bytes in 1 blocks are indirectly lost in loss record 120 of 195
==126852==    at 0x4907093: operator new(unsigned long) (vg_replace_malloc.c:487)
==126852==    by 0x4068C6E: new_token(TokenKind, std::basic_string_view<char, std::char_traits<char> >, int) (tokenize.cpp:79)
==126852==    by 0x4067B03: tokenize(File*) (tokenize.cpp:523)
==126852==    by 0x404B2D2: define_macro(std::__cxx11::basic_string<char, std::char_traits<char>, std::allocator<char> > const&, std::__cxx11::basic_string<char, std::char_traits<char>, std::allocator<char> > const&) (preprocess.cpp:1008)
==126852==    by 0x404CBAA: init_macros() (preprocess.cpp:1103)
==126852==    by 0x40121AF: main (main.cpp:745)
==126852== 
==126852== 176 bytes in 1 blocks are indirectly lost in loss record 121 of 195
==126852==    at 0x4907093: operator new(unsigned long) (vg_replace_malloc.c:487)
==126852==    by 0x4068C6E: new_token(TokenKind, std::basic_string_view<char, std::char_traits<char> >, int) (tokenize.cpp:79)
==126852==    by 0x4068B38: tokenize(File*) (tokenize.cpp:612)
==126852==    by 0x404B2D2: define_macro(std::__cxx11::basic_string<char, std::char_traits<char>, std::allocator<char> > const&, std::__cxx11::basic_string<char, std::char_traits<char>, std::allocator<char> > const&) (preprocess.cpp:1008)
==126852==    by 0x404CBAA: init_macros() (preprocess.cpp:1103)
==126852==    by 0x40121AF: main (main.cpp:745)
==126852== 
==126852== 176 bytes in 1 blocks are indirectly lost in loss record 122 of 195
==126852==    at 0x4907093: operator new(unsigned long) (vg_replace_malloc.c:487)
==126852==    by 0x4068C6E: new_token(TokenKind, std::basic_string_view<char, std::char_traits<char> >, int) (tokenize.cpp:79)
==126852==    by 0x4068815: tokenize(File*) (tokenize.cpp:596)
==126852==    by 0x404B2D2: define_macro(std::__cxx11::basic_string<char, std::char_traits<char>, std::allocator<char> > const&, std::__cxx11::basic_string<char, std::char_traits<char>, std::allocator<char> > const&) (preprocess.cpp:1008)
==126852==    by 0x404CC55: init_macros() (preprocess.cpp:1104)
==126852==    by 0x40121AF: main (main.cpp:745)
==126852== 
==126852== 176 bytes in 1 blocks are indirectly lost in loss record 123 of 195
==126852==    at 0x4907093: operator new(unsigned long) (vg_replace_malloc.c:487)
==126852==    by 0x4068C6E: new_token(TokenKind, std::basic_string_view<char, std::char_traits<char> >, int) (tokenize.cpp:79)
==126852==    by 0x4068B38: tokenize(File*) (tokenize.cpp:612)
==126852==    by 0x404B2D2: define_macro(std::__cxx11::basic_string<char, std::char_traits<char>, std::allocator<char> > const&, std::__cxx11::basic_string<char, std::char_traits<char>, std::allocator<char> > const&) (preprocess.cpp:1008)
==126852==    by 0x404CC55: init_macros() (preprocess.cpp:1104)
==126852==    by 0x40121AF: main (main.cpp:745)
==126852== 
==126852== 176 bytes in 1 blocks are indirectly lost in loss record 124 of 195
==126852==    at 0x4907093: operator new(unsigned long) (vg_replace_malloc.c:487)
==126852==    by 0x4068C6E: new_token(TokenKind, std::basic_string_view<char, std::char_traits<char> >, int) (tokenize.cpp:79)
==126852==    by 0x4067B03: tokenize(File*) (tokenize.cpp:523)
==126852==    by 0x404B2D2: define_macro(std::__cxx11::basic_string<char, std::char_traits<char>, std::allocator<char> > const&, std::__cxx11::basic_string<char, std::char_traits<char>, std::allocator<char> > const&) (preprocess.cpp:1008)
==126852==    by 0x404CD00: init_macros() (preprocess.cpp:1105)
==126852==    by 0x40121AF: main (main.cpp:745)
==126852== 
==126852== 176 bytes in 1 blocks are indirectly lost in loss record 125 of 195
==126852==    at 0x4907093: operator new(unsigned long) (vg_replace_malloc.c:487)
==126852==    by 0x4068C6E: new_token(TokenKind, std::basic_string_view<char, std::char_traits<char> >, int) (tokenize.cpp:79)
==126852==    by 0x4068B38: tokenize(File*) (tokenize.cpp:612)
==126852==    by 0x404B2D2: define_macro(std::__cxx11::basic_string<char, std::char_traits<char>, std::allocator<char> > const&, std::__cxx11::basic_string<char, std::char_traits<char>, std::allocator<char> > const&) (preprocess.cpp:1008)
==126852==    by 0x404CD00: init_macros() (preprocess.cpp:1105)
==126852==    by 0x40121AF: main (main.cpp:745)
==126852== 
==126852== 176 bytes in 1 blocks are indirectly lost in loss record 126 of 195
==126852==    at 0x4907093: operator new(unsigned long) (vg_replace_malloc.c:487)
==126852==    by 0x4068C6E: new_token(TokenKind, std::basic_string_view<char, std::char_traits<char> >, int) (tokenize.cpp:79)
==126852==    by 0x4067B03: tokenize(File*) (tokenize.cpp:523)
==126852==    by 0x404B2D2: define_macro(std::__cxx11::basic_string<char, std::char_traits<char>, std::allocator<char> > const&, std::__cxx11::basic_string<char, std::char_traits<char>, std::allocator<char> > const&) (preprocess.cpp:1008)
==126852==    by 0x404CDAB: init_macros() (preprocess.cpp:1106)
==126852==    by 0x40121AF: main (main.cpp:745)
==126852== 
==126852== 176 bytes in 1 blocks are indirectly lost in loss record 127 of 195
==126852==    at 0x4907093: operator new(unsigned long) (vg_replace_malloc.c:487)
==126852==    by 0x4068C6E: new_token(TokenKind, std::basic_string_view<char, std::char_traits<char> >, int) (tokenize.cpp:79)
==126852==    by 0x4068B38: tokenize(File*) (tokenize.cpp:612)
==126852==    by 0x404B2D2: define_macro(std::__cxx11::basic_string<char, std::char_traits<char>, std::allocator<char> > const&, std::__cxx11::basic_string<char, std::char_traits<char>, std::allocator<char> > const&) (preprocess.cpp:1008)
==126852==    by 0x404CDAB: init_macros() (preprocess.cpp:1106)
==126852==    by 0x40121AF: main (main.cpp:745)
==126852== 
==126852== 176 bytes in 1 blocks are indirectly lost in loss record 128 of 195
==126852==    at 0x4907093: operator new(unsigned long) (vg_replace_malloc.c:487)
==126852==    by 0x4068C6E: new_token(TokenKind, std::basic_string_view<char, std::char_traits<char> >, int) (tokenize.cpp:79)
==126852==    by 0x4068815: tokenize(File*) (tokenize.cpp:596)
==126852==    by 0x404B2D2: define_macro(std::__cxx11::basic_string<char, std::char_traits<char>, std::allocator<char> > const&, std::__cxx11::basic_string<char, std::char_traits<char>, std::allocator<char> > const&) (preprocess.cpp:1008)
==126852==    by 0x404CE56: init_macros() (preprocess.cpp:1107)
==126852==    by 0x40121AF: main (main.cpp:745)
==126852== 
==126852== 176 bytes in 1 blocks are indirectly lost in loss record 129 of 195
==126852==    at 0x4907093: operator new(unsigned long) (vg_replace_malloc.c:487)
==126852==    by 0x4068C6E: new_token(TokenKind, std::basic_string_view<char, std::char_traits<char> >, int) (tokenize.cpp:79)
==126852==    by 0x4068B38: tokenize(File*) (tokenize.cpp:612)
==126852==    by 0x404B2D2: define_macro(std::__cxx11::basic_string<char, std::char_traits<char>, std::allocator<char> > const&, std::__cxx11::basic_string<char, std::char_traits<char>, std::allocator<char> > const&) (preprocess.cpp:1008)
==126852==    by 0x404CE56: init_macros() (preprocess.cpp:1107)
==126852==    by 0x40121AF: main (main.cpp:745)
==126852== 
==126852== 176 bytes in 1 blocks are indirectly lost in loss record 130 of 195
==126852==    at 0x4907093: operator new(unsigned long) (vg_replace_malloc.c:487)
==126852==    by 0x4068C6E: new_token(TokenKind, std::basic_string_view<char, std::char_traits<char> >, int) (tokenize.cpp:79)
==126852==    by 0x4068815: tokenize(File*) (tokenize.cpp:596)
==126852==    by 0x404B2D2: define_macro(std::__cxx11::basic_string<char, std::char_traits<char>, std::allocator<char> > const&, std::__cxx11::basic_string<char, std::char_traits<char>, std::allocator<char> > const&) (preprocess.cpp:1008)
==126852==    by 0x404CF01: init_macros() (preprocess.cpp:1108)
==126852==    by 0x40121AF: main (main.cpp:745)
==126852== 
==126852== 176 bytes in 1 blocks are indirectly lost in loss record 131 of 195
==126852==    at 0x4907093: operator new(unsigned long) (vg_replace_malloc.c:487)
==126852==    by 0x4068C6E: new_token(TokenKind, std::basic_string_view<char, std::char_traits<char> >, int) (tokenize.cpp:79)
==126852==    by 0x4068B38: tokenize(File*) (tokenize.cpp:612)
==126852==    by 0x404B2D2: define_macro(std::__cxx11::basic_string<char, std::char_traits<char>, std::allocator<char> > const&, std::__cxx11::basic_string<char, std::char_traits<char>, std::allocator<char> > const&) (preprocess.cpp:1008)
==126852==    by 0x404CF01: init_macros() (preprocess.cpp:1108)
==126852==    by 0x40121AF: main (main.cpp:745)
==126852== 
==126852== 176 bytes in 1 blocks are indirectly lost in loss record 132 of 195
==126852==    at 0x4907093: operator new(unsigned long) (vg_replace_malloc.c:487)
==126852==    by 0x4068C6E: new_token(TokenKind, std::basic_string_view<char, std::char_traits<char> >, int) (tokenize.cpp:79)
==126852==    by 0x4067B03: tokenize(File*) (tokenize.cpp:523)
==126852==    by 0x404B2D2: define_macro(std::__cxx11::basic_string<char, std::char_traits<char>, std::allocator<char> > const&, std::__cxx11::basic_string<char, std::char_traits<char>, std::allocator<char> > const&) (preprocess.cpp:1008)
==126852==    by 0x404CFAC: init_macros() (preprocess.cpp:1109)
==126852==    by 0x40121AF: main (main.cpp:745)
==126852== 
==126852== 176 bytes in 1 blocks are indirectly lost in loss record 133 of 195
==126852==    at 0x4907093: operator new(unsigned long) (vg_replace_malloc.c:487)
==126852==    by 0x4068C6E: new_token(TokenKind, std::basic_string_view<char, std::char_traits<char> >, int) (tokenize.cpp:79)
==126852==    by 0x4068B38: tokenize(File*) (tokenize.cpp:612)
==126852==    by 0x404B2D2: define_macro(std::__cxx11::basic_string<char, std::char_traits<char>, std::allocator<char> > const&, std::__cxx11::basic_string<char, std::char_traits<char>, std::allocator<char> > const&) (preprocess.cpp:1008)
==126852==    by 0x404CFAC: init_macros() (preprocess.cpp:1109)
==126852==    by 0x40121AF: main (main.cpp:745)
==126852== 
==126852== 176 bytes in 1 blocks are indirectly lost in loss record 134 of 195
==126852==    at 0x4907093: operator new(unsigned long) (vg_replace_malloc.c:487)
==126852==    by 0x4068C6E: new_token(TokenKind, std::basic_string_view<char, std::char_traits<char> >, int) (tokenize.cpp:79)
==126852==    by 0x4067B03: tokenize(File*) (tokenize.cpp:523)
==126852==    by 0x404B2D2: define_macro(std::__cxx11::basic_string<char, std::char_traits<char>, std::allocator<char> > const&, std::__cxx11::basic_string<char, std::char_traits<char>, std::allocator<char> > const&) (preprocess.cpp:1008)
==126852==    by 0x404D057: init_macros() (preprocess.cpp:1110)
==126852==    by 0x40121AF: main (main.cpp:745)
==126852== 
==126852== 176 bytes in 1 blocks are indirectly lost in loss record 135 of 195
==126852==    at 0x4907093: operator new(unsigned long) (vg_replace_malloc.c:487)
==126852==    by 0x4068C6E: new_token(TokenKind, std::basic_string_view<char, std::char_traits<char> >, int) (tokenize.cpp:79)
==126852==    by 0x4068B38: tokenize(File*) (tokenize.cpp:612)
==126852==    by 0x404B2D2: define_macro(std::__cxx11::basic_string<char, std::char_traits<char>, std::allocator<char> > const&, std::__cxx11::basic_string<char, std::char_traits<char>, std::allocator<char> > const&) (preprocess.cpp:1008)
==126852==    by 0x404D057: init_macros() (preprocess.cpp:1110)
==126852==    by 0x40121AF: main (main.cpp:745)
==126852== 
==126852== 176 bytes in 1 blocks are indirectly lost in loss record 136 of 195
==126852==    at 0x4907093: operator new(unsigned long) (vg_replace_malloc.c:487)
==126852==    by 0x4068C6E: new_token(TokenKind, std::basic_string_view<char, std::char_traits<char> >, int) (tokenize.cpp:79)
==126852==    by 0x4068815: tokenize(File*) (tokenize.cpp:596)
==126852==    by 0x404B2D2: define_macro(std::__cxx11::basic_string<char, std::char_traits<char>, std::allocator<char> > const&, std::__cxx11::basic_string<char, std::char_traits<char>, std::allocator<char> > const&) (preprocess.cpp:1008)
==126852==    by 0x404D102: init_macros() (preprocess.cpp:1111)
==126852==    by 0x40121AF: main (main.cpp:745)
==126852== 
==126852== 176 bytes in 1 blocks are indirectly lost in loss record 137 of 195
==126852==    at 0x4907093: operator new(unsigned long) (vg_replace_malloc.c:487)
==126852==    by 0x4068C6E: new_token(TokenKind, std::basic_string_view<char, std::char_traits<char> >, int) (tokenize.cpp:79)
==126852==    by 0x4068B38: tokenize(File*) (tokenize.cpp:612)
==126852==    by 0x404B2D2: define_macro(std::__cxx11::basic_string<char, std::char_traits<char>, std::allocator<char> > const&, std::__cxx11::basic_string<char, std::char_traits<char>, std::allocator<char> > const&) (preprocess.cpp:1008)
==126852==    by 0x404D102: init_macros() (preprocess.cpp:1111)
==126852==    by 0x40121AF: main (main.cpp:745)
==126852== 
==126852== 176 bytes in 1 blocks are indirectly lost in loss record 138 of 195
==126852==    at 0x4907093: operator new(unsigned long) (vg_replace_malloc.c:487)
==126852==    by 0x4068C6E: new_token(TokenKind, std::basic_string_view<char, std::char_traits<char> >, int) (tokenize.cpp:79)
==126852==    by 0x4067B03: tokenize(File*) (tokenize.cpp:523)
==126852==    by 0x404B2D2: define_macro(std::__cxx11::basic_string<char, std::char_traits<char>, std::allocator<char> > const&, std::__cxx11::basic_string<char, std::char_traits<char>, std::allocator<char> > const&) (preprocess.cpp:1008)
==126852==    by 0x404D1AD: init_macros() (preprocess.cpp:1112)
==126852==    by 0x40121AF: main (main.cpp:745)
==126852== 
==126852== 176 bytes in 1 blocks are indirectly lost in loss record 139 of 195
==126852==    at 0x4907093: operator new(unsigned long) (vg_replace_malloc.c:487)
==126852==    by 0x4068C6E: new_token(TokenKind, std::basic_string_view<char, std::char_traits<char> >, int) (tokenize.cpp:79)
==126852==    by 0x4068B38: tokenize(File*) (tokenize.cpp:612)
==126852==    by 0x404B2D2: define_macro(std::__cxx11::basic_string<char, std::char_traits<char>, std::allocator<char> > const&, std::__cxx11::basic_string<char, std::char_traits<char>, std::allocator<char> > const&) (preprocess.cpp:1008)
==126852==    by 0x404D1AD: init_macros() (preprocess.cpp:1112)
==126852==    by 0x40121AF: main (main.cpp:745)
==126852== 
==126852== 176 bytes in 1 blocks are indirectly lost in loss record 140 of 195
==126852==    at 0x4907093: operator new(unsigned long) (vg_replace_malloc.c:487)
==126852==    by 0x4068C6E: new_token(TokenKind, std::basic_string_view<char, std::char_traits<char> >, int) (tokenize.cpp:79)
==126852==    by 0x4067B03: tokenize(File*) (tokenize.cpp:523)
==126852==    by 0x404B2D2: define_macro(std::__cxx11::basic_string<char, std::char_traits<char>, std::allocator<char> > const&, std::__cxx11::basic_string<char, std::char_traits<char>, std::allocator<char> > const&) (preprocess.cpp:1008)
==126852==    by 0x404D258: init_macros() (preprocess.cpp:1113)
==126852==    by 0x40121AF: main (main.cpp:745)
==126852== 
==126852== 176 bytes in 1 blocks are indirectly lost in loss record 141 of 195
==126852==    at 0x4907093: operator new(unsigned long) (vg_replace_malloc.c:487)
==126852==    by 0x4068C6E: new_token(TokenKind, std::basic_string_view<char, std::char_traits<char> >, int) (tokenize.cpp:79)
==126852==    by 0x4068B38: tokenize(File*) (tokenize.cpp:612)
==126852==    by 0x404B2D2: define_macro(std::__cxx11::basic_string<char, std::char_traits<char>, std::allocator<char> > const&, std::__cxx11::basic_string<char, std::char_traits<char>, std::allocator<char> > const&) (preprocess.cpp:1008)
==126852==    by 0x404D258: init_macros() (preprocess.cpp:1113)
==126852==    by 0x40121AF: main (main.cpp:745)
==126852== 
==126852== 176 bytes in 1 blocks are indirectly lost in loss record 142 of 195
==126852==    at 0x4907093: operator new(unsigned long) (vg_replace_malloc.c:487)
==126852==    by 0x4068C6E: new_token(TokenKind, std::basic_string_view<char, std::char_traits<char> >, int) (tokenize.cpp:79)
==126852==    by 0x4067B03: tokenize(File*) (tokenize.cpp:523)
==126852==    by 0x404B2D2: define_macro(std::__cxx11::basic_string<char, std::char_traits<char>, std::allocator<char> > const&, std::__cxx11::basic_string<char, std::char_traits<char>, std::allocator<char> > const&) (preprocess.cpp:1008)
==126852==    by 0x404D303: init_macros() (preprocess.cpp:1114)
==126852==    by 0x40121AF: main (main.cpp:745)
==126852== 
==126852== 176 bytes in 1 blocks are indirectly lost in loss record 143 of 195
==126852==    at 0x4907093: operator new(unsigned long) (vg_replace_malloc.c:487)
==126852==    by 0x4068C6E: new_token(TokenKind, std::basic_string_view<char, std::char_traits<char> >, int) (tokenize.cpp:79)
==126852==    by 0x4068B38: tokenize(File*) (tokenize.cpp:612)
==126852==    by 0x404B2D2: define_macro(std::__cxx11::basic_string<char, std::char_traits<char>, std::allocator<char> > const&, std::__cxx11::basic_string<char, std::char_traits<char>, std::allocator<char> > const&) (preprocess.cpp:1008)
==126852==    by 0x404D303: init_macros() (preprocess.cpp:1114)
==126852==    by 0x40121AF: main (main.cpp:745)
==126852== 
==126852== 176 bytes in 1 blocks are indirectly lost in loss record 144 of 195
==126852==    at 0x4907093: operator new(unsigned long) (vg_replace_malloc.c:487)
==126852==    by 0x4068C6E: new_token(TokenKind, std::basic_string_view<char, std::char_traits<char> >, int) (tokenize.cpp:79)
==126852==    by 0x4067B03: tokenize(File*) (tokenize.cpp:523)
==126852==    by 0x404B2D2: define_macro(std::__cxx11::basic_string<char, std::char_traits<char>, std::allocator<char> > const&, std::__cxx11::basic_string<char, std::char_traits<char>, std::allocator<char> > const&) (preprocess.cpp:1008)
==126852==    by 0x404D3AE: init_macros() (preprocess.cpp:1115)
==126852==    by 0x40121AF: main (main.cpp:745)
==126852== 
==126852== 176 bytes in 1 blocks are indirectly lost in loss record 145 of 195
==126852==    at 0x4907093: operator new(unsigned long) (vg_replace_malloc.c:487)
==126852==    by 0x4068C6E: new_token(TokenKind, std::basic_string_view<char, std::char_traits<char> >, int) (tokenize.cpp:79)
==126852==    by 0x4068B38: tokenize(File*) (tokenize.cpp:612)
==126852==    by 0x404B2D2: define_macro(std::__cxx11::basic_string<char, std::char_traits<char>, std::allocator<char> > const&, std::__cxx11::basic_string<char, std::char_traits<char>, std::allocator<char> > const&) (preprocess.cpp:1008)
==126852==    by 0x404D3AE: init_macros() (preprocess.cpp:1115)
==126852==    by 0x40121AF: main (main.cpp:745)
==126852== 
==126852== 176 bytes in 1 blocks are indirectly lost in loss record 146 of 195
==126852==    at 0x4907093: operator new(unsigned long) (vg_replace_malloc.c:487)
==126852==    by 0x4068C6E: new_token(TokenKind, std::basic_string_view<char, std::char_traits<char> >, int) (tokenize.cpp:79)
==126852==    by 0x4068815: tokenize(File*) (tokenize.cpp:596)
==126852==    by 0x404B2D2: define_macro(std::__cxx11::basic_string<char, std::char_traits<char>, std::allocator<char> > const&, std::__cxx11::basic_string<char, std::char_traits<char>, std::allocator<char> > const&) (preprocess.cpp:1008)
==126852==    by 0x404D616: init_macros() (preprocess.cpp:1123)
==126852==    by 0x40121AF: main (main.cpp:745)
==126852== 
==126852== 176 bytes in 1 blocks are indirectly lost in loss record 147 of 195
==126852==    at 0x4907093: operator new(unsigned long) (vg_replace_malloc.c:487)
==126852==    by 0x4068C6E: new_token(TokenKind, std::basic_string_view<char, std::char_traits<char> >, int) (tokenize.cpp:79)
==126852==    by 0x4068B38: tokenize(File*) (tokenize.cpp:612)
==126852==    by 0x404B2D2: define_macro(std::__cxx11::basic_string<char, std::char_traits<char>, std::allocator<char> > const&, std::__cxx11::basic_string<char, std::char_traits<char>, std::allocator<char> > const&) (preprocess.cpp:1008)
==126852==    by 0x404D616: init_macros() (preprocess.cpp:1123)
==126852==    by 0x40121AF: main (main.cpp:745)
==126852== 
==126852== 176 bytes in 1 blocks are indirectly lost in loss record 148 of 195
==126852==    at 0x4907093: operator new(unsigned long) (vg_replace_malloc.c:487)
==126852==    by 0x4068C6E: new_token(TokenKind, std::basic_string_view<char, std::char_traits<char> >, int) (tokenize.cpp:79)
==126852==    by 0x4068B38: tokenize(File*) (tokenize.cpp:612)
==126852==    by 0x404B2D2: define_macro(std::__cxx11::basic_string<char, std::char_traits<char>, std::allocator<char> > const&, std::__cxx11::basic_string<char, std::char_traits<char>, std::allocator<char> > const&) (preprocess.cpp:1008)
==126852==    by 0x404D690: init_macros() (preprocess.cpp:1124)
==126852==    by 0x40121AF: main (main.cpp:745)
==126852== 
==126852== 352 bytes in 2 blocks are indirectly lost in loss record 149 of 195
==126852==    at 0x4907093: operator new(unsigned long) (vg_replace_malloc.c:487)
==126852==    by 0x4068C6E: new_token(TokenKind, std::basic_string_view<char, std::char_traits<char> >, int) (tokenize.cpp:79)
==126852==    by 0x4068815: tokenize(File*) (tokenize.cpp:596)
==126852==    by 0x404B2D2: define_macro(std::__cxx11::basic_string<char, std::char_traits<char>, std::allocator<char> > const&, std::__cxx11::basic_string<char, std::char_traits<char>, std::allocator<char> > const&) (preprocess.cpp:1008)
==126852==    by 0x404C2FB: init_macros() (preprocess.cpp:1090)
==126852==    by 0x40121AF: main (main.cpp:745)
==126852== 
==126852== 352 bytes in 2 blocks are indirectly lost in loss record 150 of 195
==126852==    at 0x4907093: operator new(unsigned long) (vg_replace_malloc.c:487)
==126852==    by 0x4068C6E: new_token(TokenKind, std::basic_string_view<char, std::char_traits<char> >, int) (tokenize.cpp:79)
==126852==    by 0x4067B03: tokenize(File*) (tokenize.cpp:523)
==126852==    by 0x404B2D2: define_macro(std::__cxx11::basic_string<char, std::char_traits<char>, std::allocator<char> > const&, std::__cxx11::basic_string<char, std::char_traits<char>, std::allocator<char> > const&) (preprocess.cpp:1008)
==126852==    by 0x404D616: init_macros() (preprocess.cpp:1123)
==126852==    by 0x40121AF: main (main.cpp:745)
==126852== 
==126852== 352 bytes in 2 blocks are indirectly lost in loss record 151 of 195
==126852==    at 0x4907093: operator new(unsigned long) (vg_replace_malloc.c:487)
==126852==    by 0x4068C6E: new_token(TokenKind, std::basic_string_view<char, std::char_traits<char> >, int) (tokenize.cpp:79)
==126852==    by 0x4068950: tokenize(File*) (tokenize.cpp:604)
==126852==    by 0x404B2D2: define_macro(std::__cxx11::basic_string<char, std::char_traits<char>, std::allocator<char> > const&, std::__cxx11::basic_string<char, std::char_traits<char>, std::allocator<char> > const&) (preprocess.cpp:1008)
==126852==    by 0x404D690: init_macros() (preprocess.cpp:1124)
==126852==    by 0x40121AF: main (main.cpp:745)
==126852== 
==126852== 415 (96 direct, 319 indirect) bytes in 1 blocks are definitely lost in loss record 152 of 195
==126852==    at 0x4907093: operator new(unsigned long) (vg_replace_malloc.c:487)
==126852==    by 0x4045501: add_macro(std::__cxx11::basic_string<char, std::char_traits<char>, std::allocator<char> > const&, bool, Token*) (preprocess.cpp:333)
==126852==    by 0x404B309: define_macro(std::__cxx11::basic_string<char, std::char_traits<char>, std::allocator<char> > const&, std::__cxx11::basic_string<char, std::char_traits<char>, std::allocator<char> > const&) (preprocess.cpp:1009)
==126852==    by 0x404C7A8: init_macros() (preprocess.cpp:1097)
==126852==    by 0x40121AF: main (main.cpp:745)
==126852== 
==126852== 480 bytes in 1 blocks are still reachable in loss record 153 of 195
==126852==    at 0x4907093: operator new(unsigned long) (vg_replace_malloc.c:487)
==126852==    by 0x401B8E5: std::__new_allocator<std::__cxx11::basic_string<char, std::char_traits<char>, std::allocator<char> > >::allocate(unsigned long, void const*) (new_allocator.h:162)
==126852==    by 0x401B69F: allocate (allocator.h:206)
==126852==    by 0x401B69F: allocate (alloc_traits.h:638)
==126852==    by 0x401B69F: std::_Vector_base<std::__cxx11::basic_string<char, std::char_traits<char>, std::allocator<char> >, std::allocator<std::__cxx11::basic_string<char, std::char_traits<char>, std::allocator<char> > > >::_M_allocate(unsigned long) (stl_vector.h:389)
==126852==    by 0x401C089: std::vector<std::__cxx11::basic_string<char, std::char_traits<char>, std::allocator<char> >, std::allocator<std::__cxx11::basic_string<char, std::char_traits<char>, std::allocator<char> > > >::reserve(unsigned long) (vector.tcc:82)
==126852==    by 0x40163F8: run_cc1(int, char**, std::__cxx11::basic_string<char, std::char_traits<char>, std::allocator<char> >, std::__cxx11::basic_string<char, std::char_traits<char>, std::allocator<char> >) (main.cpp:438)
==126852==    by 0x40130B7: main (main.cpp:825)
==126852== 
==126852== 528 bytes in 3 blocks are indirectly lost in loss record 154 of 195
==126852==    at 0x4907093: operator new(unsigned long) (vg_replace_malloc.c:487)
==126852==    by 0x4068C6E: new_token(TokenKind, std::basic_string_view<char, std::char_traits<char> >, int) (tokenize.cpp:79)
==126852==    by 0x4067B03: tokenize(File*) (tokenize.cpp:523)
==126852==    by 0x404B2D2: define_macro(std::__cxx11::basic_string<char, std::char_traits<char>, std::allocator<char> > const&, std::__cxx11::basic_string<char, std::char_traits<char>, std::allocator<char> > const&) (preprocess.cpp:1008)
==126852==    by 0x404D690: init_macros() (preprocess.cpp:1124)
==126852==    by 0x40121AF: main (main.cpp:745)
==126852== 
==126852== 560 (96 direct, 464 indirect) bytes in 1 blocks are definitely lost in loss record 155 of 195
==126852==    at 0x4907093: operator new(unsigned long) (vg_replace_malloc.c:487)
==126852==    by 0x4045501: add_macro(std::__cxx11::basic_string<char, std::char_traits<char>, std::allocator<char> > const&, bool, Token*) (preprocess.cpp:333)
==126852==    by 0x404B309: define_macro(std::__cxx11::basic_string<char, std::char_traits<char>, std::allocator<char> > const&, std::__cxx11::basic_string<char, std::char_traits<char>, std::allocator<char> > const&) (preprocess.cpp:1009)
==126852==    by 0x404B9B0: init_macros() (preprocess.cpp:1076)
==126852==    by 0x40121AF: main (main.cpp:745)
==126852== 
==126852== 560 (96 direct, 464 indirect) bytes in 1 blocks are definitely lost in loss record 156 of 195
==126852==    at 0x4907093: operator new(unsigned long) (vg_replace_malloc.c:487)
==126852==    by 0x4045501: add_macro(std::__cxx11::basic_string<char, std::char_traits<char>, std::allocator<char> > const&, bool, Token*) (preprocess.cpp:333)
==126852==    by 0x404B309: define_macro(std::__cxx11::basic_string<char, std::char_traits<char>, std::allocator<char> > const&, std::__cxx11::basic_string<char, std::char_traits<char>, std::allocator<char> > const&) (preprocess.cpp:1009)
==126852==    by 0x404BAF7: init_macros() (preprocess.cpp:1078)
==126852==    by 0x40121AF: main (main.cpp:745)
==126852== 
==126852== 560 (96 direct, 464 indirect) bytes in 1 blocks are definitely lost in loss record 157 of 195
==126852==    at 0x4907093: operator new(unsigned long) (vg_replace_malloc.c:487)
==126852==    by 0x4045501: add_macro(std::__cxx11::basic_string<char, std::char_traits<char>, std::allocator<char> > const&, bool, Token*) (preprocess.cpp:333)
==126852==    by 0x404B309: define_macro(std::__cxx11::basic_string<char, std::char_traits<char>, std::allocator<char> > const&, std::__cxx11::basic_string<char, std::char_traits<char>, std::allocator<char> > const&) (preprocess.cpp:1009)
==126852==    by 0x404BBA2: init_macros() (preprocess.cpp:1079)
==126852==    by 0x40121AF: main (main.cpp:745)
==126852== 
==126852== 560 (96 direct, 464 indirect) bytes in 1 blocks are definitely lost in loss record 158 of 195
==126852==    at 0x4907093: operator new(unsigned long) (vg_replace_malloc.c:487)
==126852==    by 0x4045501: add_macro(std::__cxx11::basic_string<char, std::char_traits<char>, std::allocator<char> > const&, bool, Token*) (preprocess.cpp:333)
==126852==    by 0x404B309: define_macro(std::__cxx11::basic_string<char, std::char_traits<char>, std::allocator<char> > const&, std::__cxx11::basic_string<char, std::char_traits<char>, std::allocator<char> > const&) (preprocess.cpp:1009)
==126852==    by 0x404BDA3: init_macros() (preprocess.cpp:1082)
==126852==    by 0x40121AF: main (main.cpp:745)
==126852== 
==126852== 560 (96 direct, 464 indirect) bytes in 1 blocks are definitely lost in loss record 159 of 195
==126852==    at 0x4907093: operator new(unsigned long) (vg_replace_malloc.c:487)
==126852==    by 0x4045501: add_macro(std::__cxx11::basic_string<char, std::char_traits<char>, std::allocator<char> > const&, bool, Token*) (preprocess.cpp:333)
==126852==    by 0x404B309: define_macro(std::__cxx11::basic_string<char, std::char_traits<char>, std::allocator<char> > const&, std::__cxx11::basic_string<char, std::char_traits<char>, std::allocator<char> > const&) (preprocess.cpp:1009)
==126852==    by 0x404BFA4: init_macros() (preprocess.cpp:1085)
==126852==    by 0x40121AF: main (main.cpp:745)
==126852== 
==126852== 560 (96 direct, 464 indirect) bytes in 1 blocks are definitely lost in loss record 160 of 195
==126852==    at 0x4907093: operator new(unsigned long) (vg_replace_malloc.c:487)
==126852==    by 0x4045501: add_macro(std::__cxx11::basic_string<char, std::char_traits<char>, std::allocator<char> > const&, bool, Token*) (preprocess.cpp:333)
==126852==    by 0x404B309: define_macro(std::__cxx11::basic_string<char, std::char_traits<char>, std::allocator<char> > const&, std::__cxx11::basic_string<char, std::char_traits<char>, std::allocator<char> > const&) (preprocess.cpp:1009)
==126852==    by 0x404C3A6: init_macros() (preprocess.cpp:1091)
==126852==    by 0x40121AF: main (main.cpp:745)
==126852== 
==126852== 560 (96 direct, 464 indirect) bytes in 1 blocks are definitely lost in loss record 161 of 195
==126852==    at 0x4907093: operator new(unsigned long) (vg_replace_malloc.c:487)
==126852==    by 0x4045501: add_macro(std::__cxx11::basic_string<char, std::char_traits<char>, std::allocator<char> > const&, bool, Token*) (preprocess.cpp:333)
==126852==    by 0x404B309: define_macro(std::__cxx11::basic_string<char, std::char_traits<char>, std::allocator<char> > const&, std::__cxx11::basic_string<char, std::char_traits<char>, std::allocator<char> > const&) (preprocess.cpp:1009)
==126852==    by 0x404C4FC: init_macros() (preprocess.cpp:1093)
==126852==    by 0x40121AF: main (main.cpp:745)
==126852== 
==126852== 560 (96 direct, 464 indirect) bytes in 1 blocks are definitely lost in loss record 162 of 195
==126852==    at 0x4907093: operator new(unsigned long) (vg_replace_malloc.c:487)
==126852==    by 0x4045501: add_macro(std::__cxx11::basic_string<char, std::char_traits<char>, std::allocator<char> > const&, bool, Token*) (preprocess.cpp:333)
==126852==    by 0x404B309: define_macro(std::__cxx11::basic_string<char, std::char_traits<char>, std::allocator<char> > const&, std::__cxx11::basic_string<char, std::char_traits<char>, std::allocator<char> > const&) (preprocess.cpp:1009)
==126852==    by 0x404C5A7: init_macros() (preprocess.cpp:1094)
==126852==    by 0x40121AF: main (main.cpp:745)
==126852== 
==126852== 560 (96 direct, 464 indirect) bytes in 1 blocks are definitely lost in loss record 163 of 195
==126852==    at 0x4907093: operator new(unsigned long) (vg_replace_malloc.c:487)
==126852==    by 0x4045501: add_macro(std::__cxx11::basic_string<char, std::char_traits<char>, std::allocator<char> > const&, bool, Token*) (preprocess.cpp:333)
==126852==    by 0x404B309: define_macro(std::__cxx11::basic_string<char, std::char_traits<char>, std::allocator<char> > const&, std::__cxx11::basic_string<char, std::char_traits<char>, std::allocator<char> > const&) (preprocess.cpp:1009)
==126852==    by 0x404C6FD: init_macros() (preprocess.cpp:1096)
==126852==    by 0x40121AF: main (main.cpp:745)
==126852== 
==126852== 560 (96 direct, 464 indirect) bytes in 1 blocks are definitely lost in loss record 164 of 195
==126852==    at 0x4907093: operator new(unsigned long) (vg_replace_malloc.c:487)
==126852==    by 0x4045501: add_macro(std::__cxx11::basic_string<char, std::char_traits<char>, std::allocator<char> > const&, bool, Token*) (preprocess.cpp:333)
==126852==    by 0x404B309: define_macro(std::__cxx11::basic_string<char, std::char_traits<char>, std::allocator<char> > const&, std::__cxx11::basic_string<char, std::char_traits<char>, std::allocator<char> > const&) (preprocess.cpp:1009)
==126852==    by 0x404C853: init_macros() (preprocess.cpp:1098)
==126852==    by 0x40121AF: main (main.cpp:745)
==126852== 
==126852== 560 (96 direct, 464 indirect) bytes in 1 blocks are definitely lost in loss record 165 of 195
==126852==    at 0x4907093: operator new(unsigned long) (vg_replace_malloc.c:487)
==126852==    by 0x4045501: add_macro(std::__cxx11::basic_string<char, std::char_traits<char>, std::allocator<char> > const&, bool, Token*) (preprocess.cpp:333)
==126852==    by 0x404B309: define_macro(std::__cxx11::basic_string<char, std::char_traits<char>, std::allocator<char> > const&, std::__cxx11::basic_string<char, std::char_traits<char>, std::allocator<char> > const&) (preprocess.cpp:1009)
==126852==    by 0x404C8FE: init_macros() (preprocess.cpp:1099)
==126852==    by 0x40121AF: main (main.cpp:745)
==126852== 
==126852== 560 (96 direct, 464 indirect) bytes in 1 blocks are definitely lost in loss record 166 of 195
==126852==    at 0x4907093: operator new(unsigned long) (vg_replace_malloc.c:487)
==126852==    by 0x4045501: add_macro(std::__cxx11::basic_string<char, std::char_traits<char>, std::allocator<char> > const&, bool, Token*) (preprocess.cpp:333)
==126852==    by 0x404B309: define_macro(std::__cxx11::basic_string<char, std::char_traits<char>, std::allocator<char> > const&, std::__cxx11::basic_string<char, std::char_traits<char>, std::allocator<char> > const&) (preprocess.cpp:1009)
==126852==    by 0x404C9A9: init_macros() (preprocess.cpp:1100)
==126852==    by 0x40121AF: main (main.cpp:745)
==126852== 
==126852== 560 (96 direct, 464 indirect) bytes in 1 blocks are definitely lost in loss record 167 of 195
==126852==    at 0x4907093: operator new(unsigned long) (vg_replace_malloc.c:487)
==126852==    by 0x4045501: add_macro(std::__cxx11::basic_string<char, std::char_traits<char>, std::allocator<char> > const&, bool, Token*) (preprocess.cpp:333)
==126852==    by 0x404B309: define_macro(std::__cxx11::basic_string<char, std::char_traits<char>, std::allocator<char> > const&, std::__cxx11::basic_string<char, std::char_traits<char>, std::allocator<char> > const&) (preprocess.cpp:1009)
==126852==    by 0x404CA54: init_macros() (preprocess.cpp:1101)
==126852==    by 0x40121AF: main (main.cpp:745)
==126852== 
==126852== 560 (96 direct, 464 indirect) bytes in 1 blocks are definitely lost in loss record 168 of 195
==126852==    at 0x4907093: operator new(unsigned long) (vg_replace_malloc.c:487)
==126852==    by 0x4045501: add_macro(std::__cxx11::basic_string<char, std::char_traits<char>, std::allocator<char> > const&, bool, Token*) (preprocess.cpp:333)
==126852==    by 0x404B309: define_macro(std::__cxx11::basic_string<char, std::char_traits<char>, std::allocator<char> > const&, std::__cxx11::basic_string<char, std::char_traits<char>, std::allocator<char> > const&) (preprocess.cpp:1009)
==126852==    by 0x404CAFF: init_macros() (preprocess.cpp:1102)
==126852==    by 0x40121AF: main (main.cpp:745)
==126852== 
==126852== 560 (96 direct, 464 indirect) bytes in 1 blocks are definitely lost in loss record 169 of 195
==126852==    at 0x4907093: operator new(unsigned long) (vg_replace_malloc.c:487)
==126852==    by 0x4045501: add_macro(std::__cxx11::basic_string<char, std::char_traits<char>, std::allocator<char> > const&, bool, Token*) (preprocess.cpp:333)
==126852==    by 0x404B309: define_macro(std::__cxx11::basic_string<char, std::char_traits<char>, std::allocator<char> > const&, std::__cxx11::basic_string<char, std::char_traits<char>, std::allocator<char> > const&) (preprocess.cpp:1009)
==126852==    by 0x404CBAA: init_macros() (preprocess.cpp:1103)
==126852==    by 0x40121AF: main (main.cpp:745)
==126852== 
==126852== 560 (96 direct, 464 indirect) bytes in 1 blocks are definitely lost in loss record 170 of 195
==126852==    at 0x4907093: operator new(unsigned long) (vg_replace_malloc.c:487)
==126852==    by 0x4045501: add_macro(std::__cxx11::basic_string<char, std::char_traits<char>, std::allocator<char> > const&, bool, Token*) (preprocess.cpp:333)
==126852==    by 0x404B309: define_macro(std::__cxx11::basic_string<char, std::char_traits<char>, std::allocator<char> > const&, std::__cxx11::basic_string<char, std::char_traits<char>, std::allocator<char> > const&) (preprocess.cpp:1009)
==126852==    by 0x404CC55: init_macros() (preprocess.cpp:1104)
==126852==    by 0x40121AF: main (main.cpp:745)
==126852== 
==126852== 560 (96 direct, 464 indirect) bytes in 1 blocks are definitely lost in loss record 171 of 195
==126852==    at 0x4907093: operator new(unsigned long) (vg_replace_malloc.c:487)
==126852==    by 0x4045501: add_macro(std::__cxx11::basic_string<char, std::char_traits<char>, std::allocator<char> > const&, bool, Token*) (preprocess.cpp:333)
==126852==    by 0x404B309: define_macro(std::__cxx11::basic_string<char, std::char_traits<char>, std::allocator<char> > const&, std::__cxx11::basic_string<char, std::char_traits<char>, std::allocator<char> > const&) (preprocess.cpp:1009)
==126852==    by 0x404CD00: init_macros() (preprocess.cpp:1105)
==126852==    by 0x40121AF: main (main.cpp:745)
==126852== 
==126852== 560 (96 direct, 464 indirect) bytes in 1 blocks are definitely lost in loss record 172 of 195
==126852==    at 0x4907093: operator new(unsigned long) (vg_replace_malloc.c:487)
==126852==    by 0x4045501: add_macro(std::__cxx11::basic_string<char, std::char_traits<char>, std::allocator<char> > const&, bool, Token*) (preprocess.cpp:333)
==126852==    by 0x404B309: define_macro(std::__cxx11::basic_string<char, std::char_traits<char>, std::allocator<char> > const&, std::__cxx11::basic_string<char, std::char_traits<char>, std::allocator<char> > const&) (preprocess.cpp:1009)
==126852==    by 0x404CDAB: init_macros() (preprocess.cpp:1106)
==126852==    by 0x40121AF: main (main.cpp:745)
==126852== 
==126852== 560 (96 direct, 464 indirect) bytes in 1 blocks are definitely lost in loss record 173 of 195
==126852==    at 0x4907093: operator new(unsigned long) (vg_replace_malloc.c:487)
==126852==    by 0x4045501: add_macro(std::__cxx11::basic_string<char, std::char_traits<char>, std::allocator<char> > const&, bool, Token*) (preprocess.cpp:333)
==126852==    by 0x404B309: define_macro(std::__cxx11::basic_string<char, std::char_traits<char>, std::allocator<char> > const&, std::__cxx11::basic_string<char, std::char_traits<char>, std::allocator<char> > const&) (preprocess.cpp:1009)
==126852==    by 0x404CE56: init_macros() (preprocess.cpp:1107)
==126852==    by 0x40121AF: main (main.cpp:745)
==126852== 
==126852== 560 (96 direct, 464 indirect) bytes in 1 blocks are definitely lost in loss record 174 of 195
==126852==    at 0x4907093: operator new(unsigned long) (vg_replace_malloc.c:487)
==126852==    by 0x4045501: add_macro(std::__cxx11::basic_string<char, std::char_traits<char>, std::allocator<char> > const&, bool, Token*) (preprocess.cpp:333)
==126852==    by 0x404B309: define_macro(std::__cxx11::basic_string<char, std::char_traits<char>, std::allocator<char> > const&, std::__cxx11::basic_string<char, std::char_traits<char>, std::allocator<char> > const&) (preprocess.cpp:1009)
==126852==    by 0x404CF01: init_macros() (preprocess.cpp:1108)
==126852==    by 0x40121AF: main (main.cpp:745)
==126852== 
==126852== 560 (96 direct, 464 indirect) bytes in 1 blocks are definitely lost in loss record 175 of 195
==126852==    at 0x4907093: operator new(unsigned long) (vg_replace_malloc.c:487)
==126852==    by 0x4045501: add_macro(std::__cxx11::basic_string<char, std::char_traits<char>, std::allocator<char> > const&, bool, Token*) (preprocess.cpp:333)
==126852==    by 0x404B309: define_macro(std::__cxx11::basic_string<char, std::char_traits<char>, std::allocator<char> > const&, std::__cxx11::basic_string<char, std::char_traits<char>, std::allocator<char> > const&) (preprocess.cpp:1009)
==126852==    by 0x404CFAC: init_macros() (preprocess.cpp:1109)
==126852==    by 0x40121AF: main (main.cpp:745)
==126852== 
==126852== 560 (96 direct, 464 indirect) bytes in 1 blocks are definitely lost in loss record 176 of 195
==126852==    at 0x4907093: operator new(unsigned long) (vg_replace_malloc.c:487)
==126852==    by 0x4045501: add_macro(std::__cxx11::basic_string<char, std::char_traits<char>, std::allocator<char> > const&, bool, Token*) (preprocess.cpp:333)
==126852==    by 0x404B309: define_macro(std::__cxx11::basic_string<char, std::char_traits<char>, std::allocator<char> > const&, std::__cxx11::basic_string<char, std::char_traits<char>, std::allocator<char> > const&) (preprocess.cpp:1009)
==126852==    by 0x404D057: init_macros() (preprocess.cpp:1110)
==126852==    by 0x40121AF: main (main.cpp:745)
==126852== 
==126852== 560 (96 direct, 464 indirect) bytes in 1 blocks are definitely lost in loss record 177 of 195
==126852==    at 0x4907093: operator new(unsigned long) (vg_replace_malloc.c:487)
==126852==    by 0x4045501: add_macro(std::__cxx11::basic_string<char, std::char_traits<char>, std::allocator<char> > const&, bool, Token*) (preprocess.cpp:333)
==126852==    by 0x404B309: define_macro(std::__cxx11::basic_string<char, std::char_traits<char>, std::allocator<char> > const&, std::__cxx11::basic_string<char, std::char_traits<char>, std::allocator<char> > const&) (preprocess.cpp:1009)
==126852==    by 0x404D102: init_macros() (preprocess.cpp:1111)
==126852==    by 0x40121AF: main (main.cpp:745)
==126852== 
==126852== 560 (96 direct, 464 indirect) bytes in 1 blocks are definitely lost in loss record 178 of 195
==126852==    at 0x4907093: operator new(unsigned long) (vg_replace_malloc.c:487)
==126852==    by 0x4045501: add_macro(std::__cxx11::basic_string<char, std::char_traits<char>, std::allocator<char> > const&, bool, Token*) (preprocess.cpp:333)
==126852==    by 0x404B309: define_macro(std::__cxx11::basic_string<char, std::char_traits<char>, std::allocator<char> > const&, std::__cxx11::basic_string<char, std::char_traits<char>, std::allocator<char> > const&) (preprocess.cpp:1009)
==126852==    by 0x404D1AD: init_macros() (preprocess.cpp:1112)
==126852==    by 0x40121AF: main (main.cpp:745)
==126852== 
==126852== 560 (96 direct, 464 indirect) bytes in 1 blocks are definitely lost in loss record 179 of 195
==126852==    at 0x4907093: operator new(unsigned long) (vg_replace_malloc.c:487)
==126852==    by 0x4045501: add_macro(std::__cxx11::basic_string<char, std::char_traits<char>, std::allocator<char> > const&, bool, Token*) (preprocess.cpp:333)
==126852==    by 0x404B309: define_macro(std::__cxx11::basic_string<char, std::char_traits<char>, std::allocator<char> > const&, std::__cxx11::basic_string<char, std::char_traits<char>, std::allocator<char> > const&) (preprocess.cpp:1009)
==126852==    by 0x404D258: init_macros() (preprocess.cpp:1113)
==126852==    by 0x40121AF: main (main.cpp:745)
==126852== 
==126852== 560 (96 direct, 464 indirect) bytes in 1 blocks are definitely lost in loss record 180 of 195
==126852==    at 0x4907093: operator new(unsigned long) (vg_replace_malloc.c:487)
==126852==    by 0x4045501: add_macro(std::__cxx11::basic_string<char, std::char_traits<char>, std::allocator<char> > const&, bool, Token*) (preprocess.cpp:333)
==126852==    by 0x404B309: define_macro(std::__cxx11::basic_string<char, std::char_traits<char>, std::allocator<char> > const&, std::__cxx11::basic_string<char, std::char_traits<char>, std::allocator<char> > const&) (preprocess.cpp:1009)
==126852==    by 0x404D303: init_macros() (preprocess.cpp:1114)
==126852==    by 0x40121AF: main (main.cpp:745)
==126852== 
==126852== 560 (96 direct, 464 indirect) bytes in 1 blocks are definitely lost in loss record 181 of 195
==126852==    at 0x4907093: operator new(unsigned long) (vg_replace_malloc.c:487)
==126852==    by 0x4045501: add_macro(std::__cxx11::basic_string<char, std::char_traits<char>, std::allocator<char> > const&, bool, Token*) (preprocess.cpp:333)
==126852==    by 0x404B309: define_macro(std::__cxx11::basic_string<char, std::char_traits<char>, std::allocator<char> > const&, std::__cxx11::basic_string<char, std::char_traits<char>, std::allocator<char> > const&) (preprocess.cpp:1009)
==126852==    by 0x404D3AE: init_macros() (preprocess.cpp:1115)
==126852==    by 0x40121AF: main (main.cpp:745)
==126852== 
==126852== 591 (96 direct, 495 indirect) bytes in 1 blocks are definitely lost in loss record 182 of 195
==126852==    at 0x4907093: operator new(unsigned long) (vg_replace_malloc.c:487)
==126852==    by 0x4045501: add_macro(std::__cxx11::basic_string<char, std::char_traits<char>, std::allocator<char> > const&, bool, Token*) (preprocess.cpp:333)
==126852==    by 0x404B309: define_macro(std::__cxx11::basic_string<char, std::char_traits<char>, std::allocator<char> > const&, std::__cxx11::basic_string<char, std::char_traits<char>, std::allocator<char> > const&) (preprocess.cpp:1009)
==126852==    by 0x404BA4F: init_macros() (preprocess.cpp:1077)
==126852==    by 0x40121AF: main (main.cpp:745)
==126852== 
==126852== 591 (96 direct, 495 indirect) bytes in 1 blocks are definitely lost in loss record 183 of 195
==126852==    at 0x4907093: operator new(unsigned long) (vg_replace_malloc.c:487)
==126852==    by 0x4045501: add_macro(std::__cxx11::basic_string<char, std::char_traits<char>, std::allocator<char> > const&, bool, Token*) (preprocess.cpp:333)
==126852==    by 0x404B309: define_macro(std::__cxx11::basic_string<char, std::char_traits<char>, std::allocator<char> > const&, std::__cxx11::basic_string<char, std::char_traits<char>, std::allocator<char> > const&) (preprocess.cpp:1009)
==126852==    by 0x404BC4D: init_macros() (preprocess.cpp:1080)
==126852==    by 0x40121AF: main (main.cpp:745)
==126852== 
==126852== 591 (96 direct, 495 indirect) bytes in 1 blocks are definitely lost in loss record 184 of 195
==126852==    at 0x4907093: operator new(unsigned long) (vg_replace_malloc.c:487)
==126852==    by 0x4045501: add_macro(std::__cxx11::basic_string<char, std::char_traits<char>, std::allocator<char> > const&, bool, Token*) (preprocess.cpp:333)
==126852==    by 0x404B309: define_macro(std::__cxx11::basic_string<char, std::char_traits<char>, std::allocator<char> > const&, std::__cxx11::basic_string<char, std::char_traits<char>, std::allocator<char> > const&) (preprocess.cpp:1009)
==126852==    by 0x404BCF8: init_macros() (preprocess.cpp:1081)
==126852==    by 0x40121AF: main (main.cpp:745)
==126852== 
==126852== 591 (96 direct, 495 indirect) bytes in 1 blocks are definitely lost in loss record 185 of 195
==126852==    at 0x4907093: operator new(unsigned long) (vg_replace_malloc.c:487)
==126852==    by 0x4045501: add_macro(std::__cxx11::basic_string<char, std::char_traits<char>, std::allocator<char> > const&, bool, Token*) (preprocess.cpp:333)
==126852==    by 0x404B309: define_macro(std::__cxx11::basic_string<char, std::char_traits<char>, std::allocator<char> > const&, std::__cxx11::basic_string<char, std::char_traits<char>, std::allocator<char> > const&) (preprocess.cpp:1009)
==126852==    by 0x404BE4E: init_macros() (preprocess.cpp:1083)
==126852==    by 0x40121AF: main (main.cpp:745)
==126852== 
==126852== 591 (96 direct, 495 indirect) bytes in 1 blocks are definitely lost in loss record 186 of 195
==126852==    at 0x4907093: operator new(unsigned long) (vg_replace_malloc.c:487)
==126852==    by 0x4045501: add_macro(std::__cxx11::basic_string<char, std::char_traits<char>, std::allocator<char> > const&, bool, Token*) (preprocess.cpp:333)
==126852==    by 0x404B309: define_macro(std::__cxx11::basic_string<char, std::char_traits<char>, std::allocator<char> > const&, std::__cxx11::basic_string<char, std::char_traits<char>, std::allocator<char> > const&) (preprocess.cpp:1009)
==126852==    by 0x404BEF9: init_macros() (preprocess.cpp:1084)
==126852==    by 0x40121AF: main (main.cpp:745)
==126852== 
==126852== 591 (96 direct, 495 indirect) bytes in 1 blocks are definitely lost in loss record 187 of 195
==126852==    at 0x4907093: operator new(unsigned long) (vg_replace_malloc.c:487)
==126852==    by 0x4045501: add_macro(std::__cxx11::basic_string<char, std::char_traits<char>, std::allocator<char> > const&, bool, Token*) (preprocess.cpp:333)
==126852==    by 0x404B309: define_macro(std::__cxx11::basic_string<char, std::char_traits<char>, std::allocator<char> > const&, std::__cxx11::basic_string<char, std::char_traits<char>, std::allocator<char> > const&) (preprocess.cpp:1009)
==126852==    by 0x404C04F: init_macros() (preprocess.cpp:1086)
==126852==    by 0x40121AF: main (main.cpp:745)
==126852== 
==126852== 591 (96 direct, 495 indirect) bytes in 1 blocks are definitely lost in loss record 188 of 195
==126852==    at 0x4907093: operator new(unsigned long) (vg_replace_malloc.c:487)
==126852==    by 0x4045501: add_macro(std::__cxx11::basic_string<char, std::char_traits<char>, std::allocator<char> > const&, bool, Token*) (preprocess.cpp:333)
==126852==    by 0x404B309: define_macro(std::__cxx11::basic_string<char, std::char_traits<char>, std::allocator<char> > const&, std::__cxx11::basic_string<char, std::char_traits<char>, std::allocator<char> > const&) (preprocess.cpp:1009)
==126852==    by 0x404C0FA: init_macros() (preprocess.cpp:1087)
==126852==    by 0x40121AF: main (main.cpp:745)
==126852== 
==126852== 591 (96 direct, 495 indirect) bytes in 1 blocks are definitely lost in loss record 189 of 195
==126852==    at 0x4907093: operator new(unsigned long) (vg_replace_malloc.c:487)
==126852==    by 0x4045501: add_macro(std::__cxx11::basic_string<char, std::char_traits<char>, std::allocator<char> > const&, bool, Token*) (preprocess.cpp:333)
==126852==    by 0x404B309: define_macro(std::__cxx11::basic_string<char, std::char_traits<char>, std::allocator<char> > const&, std::__cxx11::basic_string<char, std::char_traits<char>, std::allocator<char> > const&) (preprocess.cpp:1009)
==126852==    by 0x404C1A5: init_macros() (preprocess.cpp:1088)
==126852==    by 0x40121AF: main (main.cpp:745)
==126852== 
==126852== 591 (96 direct, 495 indirect) bytes in 1 blocks are definitely lost in loss record 190 of 195
==126852==    at 0x4907093: operator new(unsigned long) (vg_replace_malloc.c:487)
==126852==    by 0x4045501: add_macro(std::__cxx11::basic_string<char, std::char_traits<char>, std::allocator<char> > const&, bool, Token*) (preprocess.cpp:333)
==126852==    by 0x404B309: define_macro(std::__cxx11::basic_string<char, std::char_traits<char>, std::allocator<char> > const&, std::__cxx11::basic_string<char, std::char_traits<char>, std::allocator<char> > const&) (preprocess.cpp:1009)
==126852==    by 0x404C250: init_macros() (preprocess.cpp:1089)
==126852==    by 0x40121AF: main (main.cpp:745)
==126852== 
==126852== 591 (96 direct, 495 indirect) bytes in 1 blocks are definitely lost in loss record 191 of 195
==126852==    at 0x4907093: operator new(unsigned long) (vg_replace_malloc.c:487)
==126852==    by 0x4045501: add_macro(std::__cxx11::basic_string<char, std::char_traits<char>, std::allocator<char> > const&, bool, Token*) (preprocess.cpp:333)
==126852==    by 0x404B309: define_macro(std::__cxx11::basic_string<char, std::char_traits<char>, std::allocator<char> > const&, std::__cxx11::basic_string<char, std::char_traits<char>, std::allocator<char> > const&) (preprocess.cpp:1009)
==126852==    by 0x404C451: init_macros() (preprocess.cpp:1092)
==126852==    by 0x40121AF: main (main.cpp:745)
==126852== 
==126852== 591 (96 direct, 495 indirect) bytes in 1 blocks are definitely lost in loss record 192 of 195
==126852==    at 0x4907093: operator new(unsigned long) (vg_replace_malloc.c:487)
==126852==    by 0x4045501: add_macro(std::__cxx11::basic_string<char, std::char_traits<char>, std::allocator<char> > const&, bool, Token*) (preprocess.cpp:333)
==126852==    by 0x404B309: define_macro(std::__cxx11::basic_string<char, std::char_traits<char>, std::allocator<char> > const&, std::__cxx11::basic_string<char, std::char_traits<char>, std::allocator<char> > const&) (preprocess.cpp:1009)
==126852==    by 0x404C652: init_macros() (preprocess.cpp:1095)
==126852==    by 0x40121AF: main (main.cpp:745)
==126852== 
==126852== 736 (96 direct, 640 indirect) bytes in 1 blocks are definitely lost in loss record 193 of 195
==126852==    at 0x4907093: operator new(unsigned long) (vg_replace_malloc.c:487)
==126852==    by 0x4045501: add_macro(std::__cxx11::basic_string<char, std::char_traits<char>, std::allocator<char> > const&, bool, Token*) (preprocess.cpp:333)
==126852==    by 0x404B309: define_macro(std::__cxx11::basic_string<char, std::char_traits<char>, std::allocator<char> > const&, std::__cxx11::basic_string<char, std::char_traits<char>, std::allocator<char> > const&) (preprocess.cpp:1009)
==126852==    by 0x404C2FB: init_macros() (preprocess.cpp:1090)
==126852==    by 0x40121AF: main (main.cpp:745)
==126852== 
==126852== 912 (96 direct, 816 indirect) bytes in 1 blocks are definitely lost in loss record 194 of 195
==126852==    at 0x4907093: operator new(unsigned long) (vg_replace_malloc.c:487)
==126852==    by 0x4045501: add_macro(std::__cxx11::basic_string<char, std::char_traits<char>, std::allocator<char> > const&, bool, Token*) (preprocess.cpp:333)
==126852==    by 0x404B309: define_macro(std::__cxx11::basic_string<char, std::char_traits<char>, std::allocator<char> > const&, std::__cxx11::basic_string<char, std::char_traits<char>, std::allocator<char> > const&) (preprocess.cpp:1009)
==126852==    by 0x404D616: init_macros() (preprocess.cpp:1123)
==126852==    by 0x40121AF: main (main.cpp:745)
==126852== 
==126852== 1,152 (96 direct, 1,056 indirect) bytes in 1 blocks are definitely lost in loss record 195 of 195
==126852==    at 0x4907093: operator new(unsigned long) (vg_replace_malloc.c:487)
==126852==    by 0x4045501: add_macro(std::__cxx11::basic_string<char, std::char_traits<char>, std::allocator<char> > const&, bool, Token*) (preprocess.cpp:333)
==126852==    by 0x404B309: define_macro(std::__cxx11::basic_string<char, std::char_traits<char>, std::allocator<char> > const&, std::__cxx11::basic_string<char, std::char_traits<char>, std::allocator<char> > const&) (preprocess.cpp:1009)
==126852==    by 0x404D690: init_macros() (preprocess.cpp:1124)
==126852==    by 0x40121AF: main (main.cpp:745)
==126852== 
==126852== LEAK SUMMARY:
==126852==    definitely lost: 4,552 bytes in 49 blocks
==126852==    indirectly lost: 20,804 bytes in 143 blocks
==126852==      possibly lost: 0 bytes in 0 blocks
==126852==    still reachable: 791 bytes in 8 blocks
==126852==         suppressed: 0 bytes in 0 blocks
==126852== 
==126852== For lists of detected and suppressed errors, rerun with: -s
==126852== ERROR SUMMARY: 49 errors from 49 contexts (suppressed: 0 from 0)
